case,makespan,copy,spill,hit_bytes,miss_bytes,hit_rate,plan_sha256
case_001,47502,4608,0,0,824960,0.0,811c489eb7d6113f0afaa4b601c2327b28ff85d87c97f113bb17239be950b2e6
case_002,51207,642048,0,0,1543680,0.0,5dcc44acd14d153494c2e1f85ae0a01722199c47aebc0f636ad84301c488dc77
case_003,132837,5783280,0,2284318,2770412,0.4519169174218999,247e4ba43a9956e5a525404c77fa16d44487e0730987381311cec86f26c0b2a8
case_004,81107,2863104,61440,172032,1956864,0.08080808080808081,e2ccb5991d5b4d63de25f7fbc76d141a5b0a683a58fb8ce89bb056c7c7af4811
case_005,31056,1546098,0,533390,748330,0.4161517336079643,edd47de23316055a7964330cd2a7ba25c6e01e26108b7efd7b76385a781550f3
case_006,19386,355106,0,296712,578154,0.3391513671808025,3a373ee06ac094883c43a3efb9710396913e34817bdf1adaa1330e254a6081f1
case_007,196870,110592,0,0,990720,0.0,71b49abfdc7708499bc2d60707658ae852ac0c6c86e6b92e741953d214f002c5
case_008,55855,0,0,0,1990872,0.0,e88b516d4f6a3167d37e45a5dc30ed4ac5c281a3d7a2bc650c29bf1748f78719
case_009,37274,1327286,0,502588,861130,0.36854246992413386,466ec3afb693248d5f918cb8877998937a7b7d85102e370f56fcf12a1acbc21f
case_010,18544,554512,0,295110,518384,0.36276850228766283,997e3e564628228bcf44e0b4ef0940f1af1d538640f5ff275638bab985a240bd
case_011,38462,1558528,0,1411072,675840,0.676153091265947,11ff602ef01cb127aa42650c3637dd27601f51ee659f0f4605decf6ce1eebeec
case_012,12045,61824,0,46976,496896,0.08637326429748177,fb9330b8375d3a2a9f72e42886e4b730652a33e8a4612af874133bf93f1189c9
case_013,53418,45056,0,30720,2031616,0.014895729890764648,1f25b06de5e233f585596aba8d488568923ec41de5cf97c3f8d74f98705281be
case_014,3646327,57797928,19923912,21283296,46413984,0.31438923395445134,84f0d90940f9b13a0f9f9aeea21292f07a7ba73fb8a8cffe87798eb1af4f8416
case_015,33340,313344,0,144896,1052930,0.120965816404052,f618f38fd78956b682f0192b756de375a8c0850368dd9af55788b1804a13b913
case_016,1969193,40388464,0,329504,20421784,0.015878725214550537,a3e9becc7eedda6cd8e170f3109414c0c3182f03c6a433e025829be90d4dd0ff
case_017,26934,339840,0,241536,633422,0.27605439346802935,9733eb986f140cc0bd2b3c3eb6d8327c4b83ff9eb7268005cb5d267e1666c149
case_018,196222,4681728,0,4326656,1947668,0.6895812202238839,e3b240dea79ce2c369fbb3412eb1a5a2d6c1b61dc8f29a3fa2188cbe1bd113e4
case_019,15396,272468,0,57408,299070,0.16104219615235724,d07ae9ae54b934692207eadd7e4357fef7a581a92fa71886bc08dcfbbfd86d43
case_020,107187,0,0,0,1179648,0.0,0b84c2b8325700c09af637a0efa8252ea91118b73f6b976111afd4317536a447
case_021,1244853,7360512,90112,5826560,3889152,0.5997048903878583,e0bebd4d5a5827b652b570df3f48856c73fb743bacb4cb0e660b4114db65c6d7
case_022,11576,13824,0,13824,213540,0.060801182245210326,e5709cbe6b4d09384eafb50bc4ce446bad7ae0dfc0250588813b9048e8d27e41
case_023,16725,280992,0,92576,622538,0.129456282494819,aa419f2cabd50dc4e40fb3797195d3e2b652aea3b9de413323c89155bd90f98d
case_024,656657,13637536,0,328280,7047544,0.044507569594936104,74b04abca9799ae87e4ccc3558f66652149add5c1a6567a901deafbea436d096
case_025,942350,118272,0,46080,4191744,0.010873504893077202,9c60bb2359e412cc005ccb9ca6d0e61767371262575c1dc8c0ee8a15224c23d4
case_026,24235,765184,0,310040,742046,0.29469073820961406,13e5903fac5a0888bf53f9d6242e4e69f869380318205497643d09ae58b64abc
case_027,448117,16119808,0,2772992,8775680,0.2401134953005852,b0fa9da47632fb703a9ce2cb951749603d2d7c5e076b971a6d84c7f158f716bc
case_028,7864808,88390656,7311360,10020312,42500520,0.19078738128139325,13ab6787cf4c16a91c1e1f40fa421dee747bad732b8feab236dd72c8e97f6c2e
case_029,9238,0,0,0,258132,0.0,8764f19bc2c3e00a850ebb1085cffaa3a7672beadb43cb1b780d42d271c465e5
case_030,557851,6481920,0,5900288,2974720,0.6648205838236991,e9d94dfe5fce4b48e3f6c83be41487a1cf6d0eb39c5bd4bfe20644b20d57c9db
case_031,273059,7215360,950784,4122624,5270644,0.43889134218250775,8a654a58ce5321ab7e0e6b6d7a1a532011f773f5f5ff710076a82dd59ca152d0
case_032,9829,92342,0,88146,281254,0.2386193827828912,9c74831b83ff8ac8615f79b66b8f144372f7b5f0274cf8a82c6c357c0985b671
case_033,356432,16531092,0,6131716,8453816,0.4203971442385509,84dd04564208035556dd346c978626b9f396e465773ada18f37104d60cdcaae8
case_034,158621,2807808,0,2600960,2486832,0.5112158673153305,45949321f64018065e17af17a2f0b8521057419ddcaa6e4a84122c7c366dc74b
case_035,40778,1130532,0,374876,725524,0.34067248273355144,00a42463894648589a3e2949a5e0b85e05b328ad3af558a38c31b66d59dc0e0a
case_036,187182,4608,0,0,3282560,0.0,a8ec22794d86949a719bf8210c3210fda5bfb9c3340186eb2d8fe2ac97ccdf9a
case_037,43013,778240,0,448512,862208,0.3421875,4aa7e2d81681ee56802a32a8224932b5ae960a12353369f4a7f1d735b45ec629
case_038,270445,7620096,0,7242240,3172362,0.6953928724304587,12b95cfbe626af583cb7118b1698257335c9a5aa9c475cf3c810fab65cf5141e
case_039,289050,16449536,1515520,12922880,6864896,0.6530738977437384,220a86aac0b959ac405b72fa22ad2d6189ee48a09a4009efd4a34f117426cf8b
case_040,56079,2162492,0,552420,1711754,0.2439830154396261,6b381721c8985b3eef85e306ed489c40be78088fa37dd8ac5819ec1359a7c533
case_041,1189899,36806656,18786304,16505856,22550528,0.4226160824309798,d1df213026385c9cc21c4ec8dba2212e8aae3d818a8d979c31618ee1dc2ea426
case_042,348844,10597376,3310592,3753984,8404768,0.3087474767147155,3de989e7ff0840be58c03c4d639fc8046be58219987e41135186de126c931ba9
case_043,140740,6691004,0,1685656,3640596,0.31648070725906324,18327819710eeb6b43a51ee8952309cce1af6dd0549cdc6e41bef3c7fa759840
case_044,43210,1021280,0,301120,1627648,0.15612038358164382,e997b80bc15e95db58b1d933663ff3f529b56f8e6e152d7c25243a63b84d8254
case_045,25770,0,0,0,278528,0.0,a42dd59c93a57f988db6d6d76ddc50c4bb293ca5c3cfabc2086a7f010b00f534
case_046,56262,2582304,0,2054784,1517312,0.5752320206399828,5209746d94ee678abda811305126109c800b36b45287bdf06862ffaff6d5ef33
case_047,83346,2658872,0,916440,1138454,0.4459792086599114,ea353c5daccfdc7f715b45e571357cc8f60ef573ae76cfe367a1ff0f8084c537
case_048,96737,1236440,0,262184,842390,0.2373620961565273,e175c2642284f48c038015900e0f439225f2985fdbb75cf2b9f795893b9d2579
case_049,52519,1786208,0,251222,827806,0.23282250321585723,8e6e017eedadcd7e1c38e4d09abfda6f8639cda9f7c50bc7d4f45ab22daf8046
case_050,35012,1481220,0,437636,787856,0.3571104503334171,90ac2fd20b6c0c71200f0bbe2ae40203c6a20aca3ec6957687288548c394569c
case_051,159635,3507604,0,360586,1966656,0.15494134258491382,66be6762f6a74731bf33b9d4a4ef2cb0394a49a1f31c0455971678bfd7ef1ae3
case_052,31421,382976,54272,175104,991804,0.15005810226684538,932064e18b95931f3c2932a945fbd24e64bed76c918312a5167d58226d158af1
case_053,317827,15784344,3289536,8040228,7141474,0.5295999091537958,14c7f9ab4b87b66e4623cbc2b690e165e398bfbce0e7387465faa31f899d3c2a
case_054,192011,6504128,0,1289112,3917210,0.2476051231560399,c181086df169ced8a0ef5a8503dc2dd60c8a74094cef8b8f618eab2e2f968391
case_055,19462,198656,0,162816,661532,0.19750881909096643,146fe28744743e5c37f2d14408a34e3c1f1b61993ab9408762c7e50370759d74
case_056,79581,2734524,0,501282,1212512,0.29249839829057633,6ad7711e8fea6b8f6b869d11ad1c0704e35ea2b251f31ae8fb36bded847f7191
case_057,14028,14112,0,288,350412,0.0008212147134302823,7609a693c051df78a2606146066ef251e8021ebc6af5daec6597e6e76bc10fa5
case_058,880410,18444288,0,0,25047040,0.0,38075010f0195653bb099beabf7d385d97e912803cfae1d246b674450f867013
case_059,150528,4362240,0,4102144,1312768,0.7575642965204236,8bbd79ec1c3026291363d72abd40144241b5f5e2ea03f7f2894e65b4dbe9f6a9
case_060,153683,3508608,67584,2337024,3270312,0.4167797328356995,70ed10d1b1308ae57818a4bc5a2a5ac1fb8398b9003ec1b475077d9b68a0f109
case_061,18480,305762,0,125826,638676,0.16458557335363413,ec749670437cd0625d7b7153e59c4e024f4b41237162e54d6ff165636ad0f4e2
case_062,644927,7099392,239616,0,16949760,0.0,f1b5c7d39fc0200c24231ca1a0a012da5fbb76dbc046b91d1953b9405ce79895
case_063,206181,3164160,165888,124416,6560256,0.018612132352941176,6cda928522a0e8aa99768b8cb9190bdde9236a4484645c00e0e46123715c735a
case_064,8510,127410,0,27186,85142,0.2420233601595328,c4448c0f313436e62ee76537a2dda10024dd66e856616d2dbf4c9f97a07cb16b
case_065,8334,55584,0,37152,318152,0.10456397901515323,85624f63340c6de2a21462c4a4cc3e569a760965a03e70d091d68e3f5f8c4561
case_066,79793,3261704,0,1097772,2033036,0.35063536313948346,789b8c863cbcedf09361408eb7c7a3013776552b65568a27db2a69a3c5ac157c
case_067,11868839,77927936,180224,11720064,39662080,0.22809604830814378,627235952de6688ccf8bf2d3d8cf71a6b99bb6cc518b7c08c6001856cd6f9ff6
case_068,114730,4175156,0,1439102,4303924,0.25058253262304575,732ea2b70eb4649f80c670b574814cf87e2fe8ecc13ad6c9e6fb298ff8ab81f6
case_069,9107,426832,0,144784,252054,0.36484409255162054,f8dec54fab8513f430aca3c31f2fc7096cddee2bb6effa7f5a015344b82b5937
case_070,20916,462848,0,195584,687122,0.2215732078404361,94fa50702b6833464dc89d67268e2694a0b0421e4f9fa4bbb19fe441cbef7ec3
case_071,7473,361106,0,108306,236470,0.314134394505418,97644ccb61745a5ccd2e97936c70ef06329fae17d6c78e47d91a0d21905abddd
case_072,4625733,182240480,153789664,16097280,108046190,0.12966674767508915,27f7d392ce7d91c7c8d7a21d785df3130206a843e1bb599c49a00972b90fc3a0
case_073,1751868,22805504,0,6045952,16681344,0.2660216155938656,3ad1e4b6b008c9bd7c7e69a6c0719fdc600e4fa08f8ee74701df4067545ef73d
case_074,324586,4554752,614400,3694592,4325400,0.4606727787259638,6591c23cbc01ec9cfcc68da6ac9b04382755e5f74250fda38e5be4c63d114f0d
case_075,367706,12764184,0,2999190,6116360,0.32901909374640037,5df03dd8aa6d07cb45b93818af395542796f47a833b101a9ed5613a2a24c88ca
case_076,1223447,18843648,3581952,13919232,9193472,0.6022329537902619,81f11c7603a3e638307574ad60017fdb0169812a3f75ca6d7c77cc1459f1f432
case_077,101185,1165830,993798,94208,2758994,0.033018342199395624,32195a94f1fdbf37eb5b51f49461a8f31dc943d0e4375d0361996505526be65a
case_078,454208,11867136,0,5471664,6777552,0.4466950374619894,9f21822b6b58a46c636f313c156b9857c4ca4da42dd2f282ccc76969b48bee40
case_079,5941538,143093760,121061376,16252928,74125312,0.17983231361885338,63c777307db3e035842ec439517fa7a492c9e677d91505fc966af6e95a0aa465
case_080,71695,1904640,0,1290240,2519040,0.3387096774193548,e456eacc906d04a73cd2c1a3a81f843d9d152cdc8061e590d670ae784769b94f
case_081,30943,0,0,0,1044820,0.0,eb6a279de1dc36e4d189241e1acc4e92b9c4ea1e18d7da5caf86ae8609ae4a93
case_082,191965,8262966,0,1510354,3540570,0.29902528725437166,61439307bc0fe364517d87032049e5549594ce8d04b17bcb989f1ef2fd1fd1d6
case_083,169444,3754368,0,2730432,2191904,0.5547024827236499,e61ab93687106b57a507fc243b58daa4cab35f1bd27ac4ff24edb596ce4a0ef7
case_084,503472,0,0,0,9927786,0.0,c8e6182d15dafe67344927e4c22144262af784769c8dea8aa2a2a97e34670c16
case_085,815053,38726264,0,5557520,16601022,0.25080711537789807,0853ad1e3a014939a5f6a4de08aa901eabb5ce157d79e95ba829ffd0ad23dad2
case_086,37482,2115702,0,649936,940060,0.4087658082158697,fab28d27a8604a2c3880a588fafd7511ca7fe06b8fea6b2b20796382d6d6fedb
case_087,735938,7311380,330260,4935176,8129768,0.3777418410672101,8ade353d8052772a994d864eea71db43ebfe797cf5dc58b349e7f25cecc31f2c
case_088,71111,2468858,0,999244,2685468,0.27118645907739874,8cce36930258b7df17a583df7bdfaff38bd81a29ba06bcd7a5262a42356ba646
case_089,118946,954880,0,0,1357440,0.0,5e6d237c04531687ff4b73f71fd5849d4e1bb5051bf39b16f56cabf45fbaa42e
case_090,194575,7130112,0,5473800,3830136,0.5883316480250939,72311d538e79afe6db2e4812d66d85364b1e911fcf4115408d250f31f3d529a2
case_091,1818751,74685440,48772096,42772704,38372640,0.5271122394896742,19338df329a5f5b9f3ea1119a3e5af0186be942e2ce9a78195a5c31162351411
case_092,751732,4540800,720896,2807456,3417408,0.45100680111244196,c8ec1c637825233a2352a209f1b9e61d2c4f6164a1b5ea3cd5640d265f14fbbc
case_093,15630,32768,0,0,606208,0.0,0c4cfb67aa1d454f8b52227073e9a4415f09b4f4745686100b7c04f43fd2dec5
case_094,16243,259200,0,162144,568384,0.22195453151693023,79985c6dd1c1792cbc5d10e9823e97f7129cb8748881bdcc5ea862edc41ff6f5
case_095,220188,0,0,0,8516508,0.0,51f798d4c5e9bdad79964b2049ab3a8fb50a166ef79fc04747291d0797b1d982
case_096,21779,235312,0,96640,327404,0.22790087821075172,cd9d96f69dca9e556c5bdc86fd2660991a2b1414578498214ed1b9988234b0d2
case_097,2094984,17039360,0,16699392,4599808,0.7840384615384616,8a42ce6572a9ce8e7b899de42512f9113409c36c4b7b1c5fa897077ffa2ea177
case_098,42646,926452,51200,434236,943992,0.31506833412178537,7430f575f453185d385a18c612c36951335b42b26a8e778ef4da215fae2eb83c
case_099,321604,7065600,0,6819840,2779392,0.7104568365469237,4fc8e53a70b1899afc0740b20a9df67854097f4ca63de6c49abf61736be01254
case_100,57811,0,0,0,436006,0.0,c649ec9f2a9e1fdcc550ac4ec2c5e82d5cfaaee4d164270061bbbe456de954a4
