batch,case,problem,num_cores,seed,stage,round,before_time,after_time,evaluations,generation_seconds
full_p1_seed17,case_001,1,2,17,component,0,,116868,4,0.01491320796776563
full_p1_seed17,case_001,1,2,17,operation,0,116868,116868,8,0.009699041955173016
full_p1_seed17,case_001,1,3,17,component,0,,78545,4,0.03540549997705966
full_p1_seed17,case_001,1,3,17,operation,0,78545,78545,8,0.010397667065262794
full_p1_seed17,case_001,1,4,17,component,0,,58984,4,0.04956166702322662
full_p1_seed17,case_001,1,4,17,operation,0,58984,58984,8,0.01066083402838558
full_p1_seed17,case_001,1,5,17,component,0,,47502,4,0.07931420800741762
full_p1_seed17,case_001,1,5,17,operation,0,47502,47502,8,0.011263291002251208
full_p1_seed17,case_002,1,2,17,component,0,,261945,1,0.0021979999728500843
full_p1_seed17,case_002,1,2,17,operation,0,261945,252542,8,0.038727124920114875
full_p1_seed17,case_002,1,3,17,component,0,,261945,1,0.0022370419465005398
full_p1_seed17,case_002,1,3,17,operation,0,261945,171449,8,0.03595916600897908
full_p1_seed17,case_002,1,4,17,component,0,,261945,1,0.002157999901100993
full_p1_seed17,case_002,1,4,17,operation,0,261945,195596,8,0.04004745802376419
full_p1_seed17,case_002,1,5,17,component,0,,261945,1,0.0024448339827358723
full_p1_seed17,case_002,1,5,17,operation,0,261945,179186,8,0.03996762493625283
full_p1_seed17,case_003,1,2,17,component,0,,538381,4,0.18609845906030387
full_p1_seed17,case_003,1,2,17,operation,0,538381,538381,8,0.2384768748888746
full_p1_seed17,case_003,1,3,17,component,0,,538764,4,0.36074170807842165
full_p1_seed17,case_003,1,3,17,operation,0,538764,538764,8,0.3969494589837268
full_p1_seed17,case_003,1,4,17,component,0,,539155,4,0.680460499948822
full_p1_seed17,case_003,1,4,17,operation,0,539155,539155,8,0.4520407500676811
full_p1_seed17,case_004,1,2,17,component,0,,199074,4,0.017056083073839545
full_p1_seed17,case_004,1,2,17,operation,0,199074,199074,8,0.017941458034329116
full_p1_seed17,case_004,1,3,17,component,0,,134043,4,0.03326629102230072
full_p1_seed17,case_004,1,3,17,operation,0,134043,134043,8,0.013436499983072281
full_p1_seed17,case_004,1,4,17,component,0,,104188,4,0.048208207939751446
full_p1_seed17,case_004,1,4,17,operation,0,104188,104188,8,0.014737583929672837
full_p1_seed17,case_004,1,5,17,component,0,,88341,4,0.07031091605313122
full_p1_seed17,case_004,1,5,17,operation,0,88341,88341,8,0.02380970900412649
full_p1_seed17,case_005,1,2,17,component,0,,95618,1,0.006292707985267043
full_p1_seed17,case_005,1,2,17,operation,0,95618,95439,8,0.08427112502977252
full_p1_seed17,case_005,1,3,17,component,0,,95618,1,0.00812937505543232
full_p1_seed17,case_005,1,3,17,operation,0,95618,95618,8,0.08338295808061957
full_p1_seed17,case_005,1,4,17,component,0,,95618,1,0.005430374993011355
full_p1_seed17,case_005,1,4,17,operation,0,95618,94672,8,0.08271258301101625
full_p1_seed17,case_005,1,5,17,component,0,,95618,1,0.007716167019680142
full_p1_seed17,case_005,1,5,17,operation,0,95618,94524,8,0.07920270797330886
full_p1_seed17,case_006,1,2,17,component,0,,45998,4,0.027335416991263628
full_p1_seed17,case_006,1,2,17,operation,0,45998,45998,8,0.016199124976992607
full_p1_seed17,case_006,1,3,17,component,0,,31151,4,0.04265879199374467
full_p1_seed17,case_006,1,3,17,operation,0,31151,31151,8,0.012478583957999945
full_p1_seed17,case_006,1,4,17,component,0,,31425,4,0.05944845802150667
full_p1_seed17,case_006,1,4,17,operation,0,31425,31425,8,0.013314999989233911
full_p1_seed17,case_006,1,5,17,component,0,,31729,4,0.07935312506742775
full_p1_seed17,case_006,1,5,17,operation,0,31729,31729,8,0.013553207973018289
full_p1_seed17,case_007,1,2,17,component,0,,507494,4,0.07727170898579061
full_p1_seed17,case_007,1,2,17,operation,0,507494,507494,8,0.08589174994267523
full_p1_seed17,case_007,1,3,17,component,0,,338094,4,0.14584395894780755
full_p1_seed17,case_007,1,3,17,operation,0,338094,338094,8,0.08768774999771267
full_p1_seed17,case_007,1,4,17,component,0,,254398,4,0.2162296660244465
full_p1_seed17,case_007,1,4,17,operation,0,254398,254398,8,0.09665295900776982
full_p1_seed17,case_007,1,5,17,component,0,,203834,4,0.29493454203475267
full_p1_seed17,case_007,1,5,17,operation,0,203834,203834,8,0.10773783293552697
full_p1_seed17,case_008,1,2,17,component,0,,244266,4,0.015305083012208343
full_p1_seed17,case_008,1,2,17,operation,0,244266,244266,8,0.02009204193018377
full_p1_seed17,case_008,1,3,17,component,0,,163359,4,0.02376500004902482
full_p1_seed17,case_008,1,3,17,operation,0,163359,163359,8,0.020901957992464304
full_p1_seed17,case_008,1,4,17,component,0,,123060,4,0.04080470802728087
full_p1_seed17,case_008,1,4,17,operation,0,123060,123060,8,0.029321082984097302
full_p1_seed17,case_008,1,5,17,component,0,,100603,4,0.053623749990947545
full_p1_seed17,case_008,1,5,17,operation,0,100603,100603,8,0.025456917006522417
full_p1_seed17,case_009,1,2,17,component,0,,92198,4,0.10417000006418675
full_p1_seed17,case_009,1,2,17,operation,0,92198,92198,8,0.12645091698504984
full_p1_seed17,case_009,1,3,17,component,0,,92207,4,0.17195562494453043
full_p1_seed17,case_009,1,3,17,operation,0,92207,92207,8,0.12762966693844646
full_p1_seed17,case_009,1,4,17,component,0,,92216,4,0.4024815830634907
full_p1_seed17,case_009,1,4,17,operation,0,92216,92216,8,0.1453478749608621
full_p1_seed17,case_009,1,5,17,component,0,,92225,4,0.3595721669262275
full_p1_seed17,case_009,1,5,17,operation,0,92225,92225,8,0.1278677920345217
full_p1_seed17,case_010,1,2,17,component,0,,45626,4,0.026530042057856917
full_p1_seed17,case_010,1,2,17,operation,0,45626,45626,8,0.021513208048418164
full_p1_seed17,case_010,1,3,17,component,0,,30689,4,0.04518870799802244
full_p1_seed17,case_010,1,3,17,operation,0,30689,30689,8,0.018149625044316053
full_p1_seed17,case_010,1,4,17,component,0,,29856,4,0.06646454194560647
full_p1_seed17,case_010,1,4,17,operation,0,29856,29856,8,0.016259208088740706
full_p1_seed17,case_010,1,5,17,component,0,,30054,4,0.08621754194609821
full_p1_seed17,case_010,1,5,17,operation,0,30054,30054,8,0.015931167057715356
full_p1_seed17,case_011,1,2,17,component,0,,92646,4,0.035215833922848105
full_p1_seed17,case_011,1,2,17,operation,0,92646,92646,8,0.017040375038050115
full_p1_seed17,case_011,1,3,17,component,0,,69625,4,0.09199745894875377
full_p1_seed17,case_011,1,3,17,operation,0,69625,69625,8,0.019867041963152587
full_p1_seed17,case_011,1,4,17,component,0,,46880,4,0.13741770794149488
full_p1_seed17,case_011,1,4,17,operation,0,46880,46880,8,0.01766345906071365
full_p1_seed17,case_011,1,5,17,component,0,,47287,4,0.19544808403588831
full_p1_seed17,case_011,1,5,17,operation,0,47287,47287,8,0.01811045897193253
full_p1_seed17,case_012,1,2,17,component,0,,29964,4,0.04395433305762708
full_p1_seed17,case_012,1,2,17,operation,0,29964,29964,8,0.030454040970653296
full_p1_seed17,case_012,1,3,17,component,0,,19924,4,0.125761125003919
full_p1_seed17,case_012,1,3,17,operation,0,19924,19924,8,0.03146195795852691
full_p1_seed17,case_012,1,4,17,component,0,,17253,4,0.14962883293628693
full_p1_seed17,case_012,1,4,17,operation,0,17253,17253,8,0.03021916700527072
full_p1_seed17,case_012,1,5,17,component,0,,14139,4,0.1962657090043649
full_p1_seed17,case_012,1,5,17,operation,0,14139,14139,8,0.03537016606424004
full_p1_seed17,case_013,1,2,17,component,0,,132198,4,0.05669637501705438
full_p1_seed17,case_013,1,2,17,operation,0,132198,132198,8,0.06588083400856704
full_p1_seed17,case_013,1,3,17,component,0,,88351,4,0.11243187496438622
full_p1_seed17,case_013,1,3,17,operation,0,88351,88351,8,0.06850433303043246
full_p1_seed17,case_013,1,4,17,component,0,,66982,4,0.19173983403015882
full_p1_seed17,case_013,1,4,17,operation,0,66982,66982,8,0.0939263750333339
full_p1_seed17,case_013,1,5,17,component,0,,54363,4,0.24557300005108118
full_p1_seed17,case_013,1,5,17,operation,0,54363,54363,8,0.08220195805188268
full_p1_seed17,case_015,1,2,17,component,0,,87789,4,0.05842091701924801
full_p1_seed17,case_015,1,2,17,operation,0,87789,87789,8,0.03597266704309732
full_p1_seed17,case_015,1,3,17,component,0,,61193,4,0.09468970797024667
full_p1_seed17,case_015,1,3,17,operation,0,61193,61193,8,0.03431770903989673
full_p1_seed17,case_015,1,4,17,component,0,,50093,4,0.15831016702577472
full_p1_seed17,case_015,1,4,17,operation,0,50093,50093,8,0.03318949998356402
full_p1_seed17,case_015,1,5,17,component,0,,43411,4,0.19005350000225008
full_p1_seed17,case_015,1,5,17,operation,0,43411,43411,8,0.034786207950674
full_p1_seed17,case_016,1,2,17,component,0,,7715523,1,0.03850895899813622
full_p1_seed17,case_016,1,2,17,operation,0,7715523,7715523,8,0.48357499996200204
full_p2_seed17,case_001,2,2,17,component,0,,116868,4,0.013402958051301539
full_p2_seed17,case_001,2,2,17,operation,0,116868,116868,5,0.016805917024612427
full_p2_seed17,case_001,2,2,17,trace,0,116868,116868,0,0.005148291937075555
full_p2_seed17,case_001,2,3,17,component,0,,78545,4,0.02451645804103464
full_p2_seed17,case_001,2,3,17,operation,0,78545,78545,5,0.02337558299768716
full_p2_seed17,case_001,2,3,17,trace,0,78545,78545,1,0.005970875034108758
full_p2_seed17,case_001,2,4,17,component,0,,58984,4,0.042310292017646134
full_p2_seed17,case_001,2,4,17,operation,0,58984,58984,5,0.026930749998427927
full_p2_seed17,case_001,2,4,17,trace,0,58984,58984,0,0.008571292040869594
full_p2_seed17,case_001,2,5,17,component,0,,47502,4,0.07072170788887888
full_p2_seed17,case_001,2,5,17,operation,0,47502,47502,5,0.03180458303540945
full_p2_seed17,case_001,2,5,17,trace,0,47502,47502,0,0.005664958036504686
full_p2_seed17,case_002,2,2,17,component,0,,261945,1,0.0018995000282302499
full_p2_seed17,case_002,2,2,17,operation,0,261945,129739,8,0.05241891706828028
full_p2_seed17,case_002,2,2,17,trace,0,129739,126927,12,0.06626520794816315
full_p2_seed17,case_002,2,3,17,component,0,,261945,1,0.002153708948753774
full_p2_seed17,case_002,2,3,17,operation,0,261945,94385,8,0.10091866599395871
full_p2_seed17,case_002,2,3,17,trace,0,94385,82020,12,0.04350987495854497
full_p2_seed17,case_002,2,4,17,component,0,,261945,1,0.00231291598174721
full_p2_seed17,case_002,2,4,17,operation,0,261945,72029,8,0.11189545795787126
full_p2_seed17,case_002,2,4,17,trace,0,72029,63330,12,0.04281566699501127
full_p2_seed17,case_002,2,5,17,component,0,,261945,1,0.002372915972955525
full_p2_seed17,case_002,2,5,17,operation,0,261945,59289,8,0.14392299996688962
full_p2_seed17,case_002,2,5,17,trace,0,59289,51207,12,0.05651470797602087
full_p2_seed17,case_003,2,2,17,component,0,,538381,4,0.13357337494380772
full_p2_seed17,case_003,2,2,17,operation,0,538381,337267,8,0.5480057090753689
full_p2_seed17,case_003,2,2,17,trace,0,337267,337267,12,0.49864733405411243
full_p2_seed17,case_003,2,3,17,component,0,,538764,4,0.3753362080315128
full_p2_seed17,case_003,2,3,17,operation,0,538764,259816,8,0.9277611250290647
full_p2_seed17,case_003,2,3,17,trace,0,259816,205952,12,0.43081429100129753
full_p2_seed17,case_003,2,4,17,component,0,,539155,4,0.6429505830164999
full_p2_seed17,case_003,2,4,17,operation,0,539155,221655,8,1.5464844579109922
full_p2_seed17,case_003,2,4,17,trace,0,221655,173817,12,0.5587725000223145
full_p2_seed17,case_003,2,5,17,component,0,,539607,4,0.9611995000159368
full_p2_seed17,case_003,2,5,17,operation,0,539607,213029,8,2.0254746249411255
full_p2_seed17,case_003,2,5,17,trace,0,213029,161941,12,0.6258059589890763
full_p2_seed17,case_004,2,2,17,component,0,,199074,4,0.014065374969504774
full_p2_seed17,case_004,2,2,17,operation,0,199074,199074,8,0.03028383303899318
full_p2_seed17,case_004,2,2,17,trace,0,199074,198019,12,0.016707333037629724
full_p2_seed17,case_004,2,3,17,component,0,,134043,4,0.029224209021776915
full_p2_seed17,case_004,2,3,17,operation,0,134043,132570,8,0.03970562492031604
full_p2_seed17,case_004,2,3,17,trace,0,132570,132570,1,0.011915833922103047
full_p2_seed17,case_004,2,4,17,component,0,,104188,4,0.04631416592746973
full_p2_seed17,case_004,2,4,17,operation,0,104188,104188,8,0.04882037499919534
full_p2_seed17,case_004,2,4,17,trace,0,104188,100636,2,0.007900124997831881
full_p2_seed17,case_004,2,4,17,trace,1,100636,100636,0,0.009111457969993353
full_p2_seed17,case_004,2,5,17,component,0,,88341,4,0.06843204097822309
full_p2_seed17,case_004,2,5,17,operation,0,88341,85933,8,0.04984841600526124
full_p2_seed17,case_004,2,5,17,trace,0,85933,84227,11,0.02131974999792874
full_p2_seed17,case_004,2,5,17,trace,1,84227,84227,1,0.011774291982874274
full_p2_seed17,case_005,2,2,17,component,0,,95618,1,0.005108125042170286
full_p2_seed17,case_005,2,2,17,operation,0,95618,56747,8,0.1737495840061456
full_p2_seed17,case_005,2,2,17,trace,0,56747,54868,12,0.08281824993900955
full_p2_seed17,case_005,2,3,17,component,0,,95618,1,0.005199542036280036
full_p2_seed17,case_005,2,3,17,operation,0,95618,42480,8,0.24168908305000514
full_p2_seed17,case_005,2,3,17,trace,0,42480,39495,12,0.09571658307686448
full_p2_seed17,case_005,2,4,17,component,0,,95618,1,0.009376041940413415
full_p2_seed17,case_005,2,4,17,operation,0,95618,47588,8,0.30850541696418077
full_p2_seed17,case_005,2,4,17,trace,0,47588,38159,12,0.11186520801857114
full_p2_seed17,case_005,2,5,17,component,0,,95618,1,0.008798666996881366
full_p2_seed17,case_005,2,5,17,operation,0,95618,41728,8,0.3921080830041319
full_p2_seed17,case_005,2,5,17,trace,0,41728,39694,12,0.1134459589375183
full_p2_seed17,case_006,2,2,17,component,0,,40612,4,0.030981832998804748
full_p2_seed17,case_006,2,2,17,operation,0,40612,40612,8,0.028532832977361977
full_p2_seed17,case_006,2,2,17,trace,0,40612,39407,12,0.012307459022849798
full_p2_seed17,case_006,2,3,17,component,0,,31151,4,0.037831083056516945
full_p2_seed17,case_006,2,3,17,operation,0,31151,31151,8,0.0380994169972837
full_p2_seed17,case_006,2,3,17,trace,0,31151,31151,12,0.013046916923485696
full_p2_seed17,case_006,2,4,17,component,0,,31425,4,0.06432174996007234
full_p2_seed17,case_006,2,4,17,operation,0,31425,31425,8,0.04667408298701048
full_p2_seed17,case_006,2,4,17,trace,0,31425,31170,12,0.014855082961730659
full_p2_seed17,case_006,2,5,17,component,0,,31729,4,0.0738262920640409
full_p2_seed17,case_006,2,5,17,operation,0,31729,31729,8,0.05719041696283966
full_p2_seed17,case_006,2,5,17,trace,0,31729,31444,12,0.015460000024177134
full_p2_seed17,case_007,2,2,17,component,0,,507494,4,0.08392812497913837
full_p2_seed17,case_007,2,2,17,operation,0,507494,507494,8,0.18538779206573963
full_p2_seed17,case_007,2,2,17,trace,0,507494,506906,12,0.08822304208297282
full_p2_seed17,case_007,2,3,17,component,0,,338094,4,0.13981712504755706
full_p2_seed17,case_007,2,3,17,operation,0,338094,338094,8,0.2827490420313552
full_p2_seed17,case_007,2,3,17,trace,0,338094,338094,1,0.05243245791643858
full_p2_seed17,case_007,2,4,17,component,0,,254398,4,0.21331612498033792
full_p2_seed17,case_007,2,4,17,operation,0,254398,254398,8,0.29556087509263307
full_p2_seed17,case_007,2,4,17,trace,0,254398,254398,2,0.05260904203169048
full_p2_seed17,case_007,2,5,17,component,0,,203834,4,0.29175779200159013
full_p2_seed17,case_007,2,5,17,operation,0,203834,203834,8,0.33690341701731086
full_p2_seed17,case_007,2,5,17,trace,0,203834,203834,1,0.05518404196482152
full_p2_seed17,case_008,2,2,17,component,0,,244266,4,0.014760417048819363
full_p2_seed17,case_008,2,2,17,operation,0,244266,244266,5,0.04801454197149724
full_p2_seed17,case_008,2,2,17,trace,0,244266,244266,0,0.01220545801334083
full_p2_seed17,case_008,2,3,17,component,0,,163359,4,0.023197292000986636
full_p2_seed17,case_008,2,3,17,operation,0,163359,163359,5,0.056331624975427985
full_p2_seed17,case_008,2,3,17,trace,0,163359,163359,0,0.011132791987620294
full_p2_seed17,case_008,2,4,17,component,0,,123060,4,0.03562199999578297
full_p2_seed17,case_008,2,4,17,operation,0,123060,123060,5,0.0680997910676524
full_p2_seed17,case_008,2,4,17,trace,0,123060,123060,1,0.011822417029179633
full_p2_seed17,case_008,2,5,17,component,0,,100603,4,0.056259333970956504
full_p2_seed17,case_008,2,5,17,operation,0,100603,100603,7,0.07153512502554804
full_p2_seed17,case_008,2,5,17,trace,0,100603,100603,2,0.01440237497445196
full_p2_seed17,case_009,2,2,17,component,0,,92198,4,0.10083754197694361
full_p2_seed17,case_009,2,2,17,operation,0,92198,92198,8,0.2566235000267625
full_p2_seed17,case_009,2,2,17,trace,0,92198,87935,12,0.1149808339541778
full_p2_seed17,case_009,2,3,17,component,0,,92207,4,0.18013499991502613
full_p2_seed17,case_009,2,3,17,operation,0,92207,92207,8,0.3509540829109028
full_p2_seed17,case_009,2,3,17,trace,0,92207,85607,12,0.12321766698732972
full_p2_seed17,case_009,2,4,17,component,0,,92216,4,0.24918816692661494
full_p2_seed17,case_009,2,4,17,operation,0,92216,71548,8,0.4361306669889018
full_p2_seed17,case_009,2,4,17,trace,0,71548,59071,12,0.22393924999050796
full_p2_seed17,case_009,2,5,17,component,0,,92225,4,0.339024499990046
full_p2_seed17,case_009,2,5,17,operation,0,92225,77300,8,0.5893785419175401
full_p2_seed17,case_009,2,5,17,trace,0,77300,52200,12,0.19321120902895927
full_p2_seed17,case_010,2,2,17,component,0,,45626,4,0.02821704198140651
full_p2_seed17,case_010,2,2,17,operation,0,45626,45626,8,0.03390358295291662
full_p2_seed17,case_010,2,2,17,trace,0,45626,45197,12,0.013959249947220087
full_p2_seed17,case_010,2,3,17,component,0,,30315,4,0.04202429193537682
full_p2_seed17,case_010,2,3,17,operation,0,30315,30315,8,0.043020708952099085
full_p2_seed17,case_010,2,3,17,trace,0,30315,30315,12,0.01647458306979388
full_p2_seed17,case_010,2,4,17,component,0,,29856,4,0.05438783403951675
full_p2_seed17,case_010,2,4,17,operation,0,29856,29856,8,0.0525611249031499
full_p2_seed17,case_010,2,4,17,trace,0,29856,29856,12,0.016951250028796494
full_p2_seed17,case_010,2,5,17,component,0,,30490,4,0.07924379198811948
full_p2_seed17,case_010,2,5,17,operation,0,30490,29530,8,0.060576749965548515
full_p2_seed17,case_010,2,5,17,trace,0,29530,19138,12,0.020165916066616774
full_p2_seed17,case_011,2,2,17,component,0,,92646,4,0.03419733396731317
full_p2_seed17,case_011,2,2,17,operation,0,92646,92646,6,0.036497625056654215
full_p2_seed17,case_011,2,2,17,trace,0,92646,92646,2,0.009068457991816103
full_p2_seed17,case_011,2,3,17,component,0,,69625,4,0.08156591700389981
full_p2_seed17,case_011,2,3,17,operation,0,69625,62289,6,0.04997445899061859
full_p2_seed17,case_011,2,3,17,trace,0,62289,62289,12,0.02928841602988541
full_p2_seed17,case_011,2,4,17,component,0,,46880,4,0.12840175000019372
full_p2_seed17,case_011,2,4,17,operation,0,46880,46880,6,0.05148845899384469
full_p2_seed17,case_011,2,4,17,trace,0,46880,46880,2,0.013039167039096355
full_p2_seed17,case_011,2,5,17,component,0,,46915,4,0.19126033305656165
full_p2_seed17,case_011,2,5,17,operation,0,46915,46915,6,0.06786949990782887
full_p2_seed17,case_011,2,5,17,trace,0,46915,46915,2,0.011422791983932257
full_p2_seed17,case_012,2,2,17,component,0,,29674,4,0.05002020800020546
full_p2_seed17,case_012,2,2,17,operation,0,29674,29674,8,0.04977220797445625
full_p2_seed17,case_012,2,2,17,trace,0,29674,27385,12,0.0261179159861058
full_p2_seed17,case_012,2,3,17,component,0,,19788,4,0.10179437499027699
full_p2_seed17,case_012,2,3,17,operation,0,19788,19788,8,0.07409641705453396
full_p2_seed17,case_012,2,3,17,trace,0,19788,18265,12,0.0209667079616338
full_p2_seed17,case_012,2,4,17,component,0,,16118,4,0.12644341704435647
full_p2_seed17,case_012,2,4,17,operation,0,16118,16118,8,0.08224829100072384
full_p2_seed17,case_012,2,4,17,trace,0,16118,16118,12,0.027103458996862173
full_p2_seed17,case_012,2,5,17,component,0,,12869,4,0.14904320891946554
full_p2_seed17,case_012,2,5,17,operation,0,12869,12869,8,0.09485608292743564
full_p2_seed17,case_012,2,5,17,trace,0,12869,12756,12,0.02232691692188382
full_p2_seed17,case_013,2,2,17,component,0,,132198,4,0.05590174999088049
full_p2_seed17,case_013,2,2,17,operation,0,132198,132198,6,0.11447091598529369
full_p2_seed17,case_013,2,2,17,trace,0,132198,132198,2,0.025200083968229592
full_p2_seed17,case_013,2,3,17,component,0,,88351,4,0.09441512497141957
full_p2_seed17,case_013,2,3,17,operation,0,88351,88351,8,0.14559891691897064
full_p2_seed17,case_013,2,3,17,trace,0,88351,88351,2,0.031202250043861568
full_p2_seed17,case_013,2,4,17,component,0,,66982,4,0.1558096669614315
full_p2_seed17,case_013,2,4,17,operation,0,66982,66982,7,0.18013020907528698
full_p2_seed17,case_013,2,4,17,trace,0,66982,66982,2,0.027437167009338737
full_p2_seed17,case_013,2,5,17,component,0,,54363,4,0.1974215409718454
full_p2_seed17,case_013,2,5,17,operation,0,54363,54363,8,0.19709012506064028
full_p2_seed17,case_013,2,5,17,trace,0,54363,54130,12,0.04411608399823308
full_p2_seed17,case_015,2,2,17,component,0,,86611,4,0.05669445905368775
full_p2_seed17,case_015,2,2,17,operation,0,86611,86611,8,0.06243199994787574
full_p2_seed17,case_015,2,2,17,trace,0,86611,83527,12,0.0313765408936888
full_p2_seed17,case_015,2,3,17,component,0,,60954,4,0.08472416689619422
full_p2_seed17,case_015,2,3,17,operation,0,60954,60954,8,0.08364391699433327
full_p2_seed17,case_015,2,3,17,trace,0,60954,58605,12,0.03006991697475314
full_p2_seed17,case_015,2,4,17,component,0,,50124,4,0.13718320906627923
full_p2_seed17,case_015,2,4,17,operation,0,50124,50124,8,0.10400083300191909
full_p2_seed17,case_015,2,4,17,trace,0,50124,50124,12,0.03383679105900228
full_p2_seed17,case_015,2,5,17,component,0,,43242,4,0.19225829106289893
full_p2_seed17,case_015,2,5,17,operation,0,43242,43242,8,0.13964437507092953
full_p2_seed17,case_015,2,5,17,trace,0,43242,43242,12,0.03484375006519258
full_p2_seed17,case_016,2,2,17,component,0,,7715523,1,0.040644624968990684
full_p2_seed17,case_016,2,2,17,operation,0,7715523,4027038,8,1.1761865000007674
full_p2_seed17,case_016,2,2,17,trace,0,4027038,4027025,11,0.8473527079913765
full_p2_seed17,case_016,2,2,17,trace,1,4027025,4027025,1,0.35046591702848673
full_p2_seed17,case_016,2,3,17,component,0,,7715523,1,0.042498250026255846
full_p2_seed17,case_016,2,3,17,operation,0,7715523,2877801,8,1.6945455831009895
full_p2_seed17,case_016,2,3,17,trace,0,2877801,2877801,11,1.012768040993251
full_p2_seed17,case_017,2,2,17,component,0,,77520,4,0.08621054200921208
full_p2_seed17,case_017,2,2,17,operation,0,77520,77520,8,0.10905541700776666
full_p2_seed17,case_017,2,2,17,trace,0,77520,77520,12,0.052370833000168204
full_p2_seed17,case_017,2,3,17,component,0,,56670,4,0.15464204200543463
full_p2_seed17,case_017,2,3,17,operation,0,56670,56670,8,0.14780879102181643
full_p2_seed17,case_017,2,3,17,trace,0,56670,51954,12,0.04981212492566556
full_p2_seed17,case_017,2,4,17,component,0,,38150,4,0.20389983395580202
full_p2_seed17,case_017,2,4,17,operation,0,38150,38150,8,0.16809637506958097
full_p2_seed17,case_017,2,4,17,trace,0,38150,37645,12,0.0508644999936223
full_p2_seed17,case_017,2,5,17,component,0,,35496,4,0.29258716700132936
full_p2_seed17,case_017,2,5,17,operation,0,35496,35496,8,0.19431745808105916
full_p2_seed17,case_017,2,5,17,trace,0,35496,32681,12,0.05057291605044156
full_p2_seed17,case_018,2,2,17,component,0,,504468,4,0.1532774999504909
full_p2_seed17,case_018,2,2,17,operation,0,504468,504468,8,0.23837083391845226
full_p2_seed17,case_018,2,2,17,trace,0,504468,504468,2,0.07335779094137251
full_p2_seed17,case_018,2,3,17,component,0,,339838,4,0.35851695796009153
full_p2_seed17,case_018,2,3,17,operation,0,339838,339838,8,0.34342099993955344
full_p2_seed17,case_018,2,3,17,trace,0,339838,339838,2,0.07229916693177074
full_p2_seed17,case_018,2,4,17,component,0,,254758,4,0.5563742909580469
full_p2_seed17,case_018,2,4,17,operation,0,254758,254758,8,0.40419949998613447
full_p2_seed17,case_018,2,4,17,trace,0,254758,254221,12,0.11500579200219363
full_p2_seed17,case_018,2,5,17,component,0,,205917,4,0.7831346250604838
full_p2_seed17,case_018,2,5,17,operation,0,205917,205917,8,0.46622129098977894
full_p2_seed17,case_018,2,5,17,trace,0,205917,205917,12,0.12312899995595217
full_p2_seed17,case_019,2,2,17,component,0,,41102,4,0.046826416975818574
full_p2_seed17,case_019,2,2,17,operation,0,41102,34178,8,0.05598441697657108
full_p2_seed17,case_019,2,2,17,trace,0,34178,32238,12,0.04532395792193711
full_p2_seed17,case_019,2,3,17,component,0,,28986,4,0.07670295797288418
full_p2_seed17,case_019,2,3,17,operation,0,28986,26368,8,0.07987100002355874
full_p2_seed17,case_019,2,3,17,trace,0,26368,24938,12,0.048999125021509826
full_p2_seed17,case_019,2,4,17,component,0,,24099,4,0.10088724992237985
full_p2_seed17,case_019,2,4,17,operation,0,24099,24099,8,0.08773241599556059
full_p2_seed17,case_019,2,4,17,trace,0,24099,22443,12,0.027587166987359524
full_p2_seed17,case_019,2,5,17,component,0,,24169,4,0.13287424994632602
full_p2_seed17,case_019,2,5,17,operation,0,24169,18233,8,0.10056008293759078
full_p2_seed17,case_019,2,5,17,trace,0,18233,17853,12,0.04341779206879437
full_p2_seed17,case_020,2,2,17,component,0,,266580,4,0.1386661659926176
full_p2_seed17,case_020,2,2,17,operation,0,266580,266580,8,0.6621150419814512
full_p2_seed17,case_020,2,2,17,trace,0,266580,266580,2,0.1609331249492243
full_p2_seed17,case_020,2,3,17,component,0,,177950,4,0.19405858300160617
full_p2_seed17,case_020,2,3,17,operation,0,177950,177950,8,0.9094495000317693
full_p2_seed17,case_020,2,3,17,trace,0,177950,177950,2,0.16422579204663634
full_p2_seed17,case_020,2,4,17,component,0,,133704,4,0.2797236670739949
full_p2_seed17,case_020,2,4,17,operation,0,133704,133704,8,1.0061331250471994
full_p2_seed17,case_020,2,4,17,trace,0,133704,133704,2,0.16299437498673797
full_p2_seed17,case_020,2,5,17,component,0,,107187,4,0.4453675829572603
full_p2_seed17,case_020,2,5,17,operation,0,107187,107187,8,1.336019332986325
full_p2_seed17,case_020,2,5,17,trace,0,107187,107187,2,0.1950751249678433
full_p3_seed17,case_001,3,2,17,component,0,,116868,4,0.0404225829988718
full_p3_seed17,case_001,3,2,17,operation,0,116868,116868,5,0.05093895795289427
full_p3_seed17,case_001,3,2,17,trace,0,116868,116868,0,0.01671191700734198
full_p3_seed17,case_001,3,2,17,cache,0,116868,116868,3,0.016597709036432207
full_p3_seed17,case_001,3,3,17,component,0,,78545,4,0.07113933388609439
full_p3_seed17,case_001,3,3,17,operation,0,78545,78545,5,0.05885308398865163
full_p3_seed17,case_001,3,3,17,trace,0,78545,78545,1,0.015176500077359378
full_p3_seed17,case_001,3,3,17,cache,0,78545,78545,4,0.019770249957218766
full_p3_seed17,case_001,3,4,17,component,0,,58984,4,0.11610295798163861
full_p3_seed17,case_001,3,4,17,operation,0,58984,58984,5,0.07453483296558261
full_p3_seed17,case_001,3,4,17,trace,0,58984,58984,0,0.01691937493160367
full_p3_seed17,case_001,3,4,17,cache,0,58984,58984,4,0.021232082974165678
full_p3_seed17,case_001,3,5,17,component,0,,47502,4,0.15594312502071261
full_p3_seed17,case_001,3,5,17,operation,0,47502,47502,5,0.08512904099188745
full_p3_seed17,case_001,3,5,17,trace,0,47502,47502,0,0.01572779193520546
full_p3_seed17,case_001,3,5,17,cache,0,47502,47502,4,0.01967779197730124
full_p3_seed17,case_002,3,2,17,component,0,,261945,1,0.005120791960507631
full_p3_seed17,case_002,3,2,17,operation,0,261945,129739,8,0.17524200002662838
full_p3_seed17,case_002,3,2,17,trace,0,129739,126411,8,0.11242695804685354
full_p3_seed17,case_002,3,2,17,cache,0,126411,125561,4,0.08601391699630767
full_p3_seed17,case_002,3,3,17,component,0,,261945,1,0.005348999984562397
full_p3_seed17,case_002,3,3,17,operation,0,261945,94385,8,0.20603337499778718
full_p3_seed17,case_002,3,3,17,trace,0,94385,82020,8,0.08131537504959852
full_p3_seed17,case_002,3,3,17,cache,0,82020,82020,1,0.04203041596338153
full_p3_seed17,case_002,3,4,17,component,0,,261945,1,0.005048834020271897
full_p3_seed17,case_002,3,4,17,operation,0,261945,72029,8,0.24258895905222744
full_p3_seed17,case_002,3,4,17,trace,0,72029,63330,8,0.07776279200334102
full_p3_seed17,case_002,3,4,17,cache,0,63330,63330,1,0.03933137492276728
full_p3_seed17,case_002,3,5,17,component,0,,261945,1,0.006062000058591366
full_p3_seed17,case_002,3,5,17,operation,0,261945,59289,8,0.27120870805811137
full_p3_seed17,case_002,3,5,17,trace,0,59289,51207,8,0.07319104101043195
full_p3_seed17,case_002,3,5,17,cache,0,51207,51207,1,0.042669415939599276
full_p3_seed17,case_003,3,2,17,component,0,,538381,4,0.40963374997954816
full_p3_seed17,case_003,3,2,17,operation,0,538381,336358,8,1.228114917059429
full_p3_seed17,case_003,3,2,17,trace,0,336358,336358,8,0.819848959101364
full_p3_seed17,case_003,3,2,17,cache,0,336358,323431,4,0.5369496659841388
full_p3_seed17,case_004,3,2,17,component,0,,199074,4,0.037459334009326994
full_p3_seed17,case_004,3,2,17,operation,0,199074,198832,8,0.06881945801433176
full_p3_seed17,case_004,3,2,17,trace,0,198832,198832,8,0.028532791999168694
full_p3_seed17,case_004,3,2,17,cache,0,198832,198832,4,0.019889125018380582
full_p3_seed17,case_004,3,3,17,component,0,,134043,4,0.06434674991760403
full_p3_seed17,case_004,3,3,17,operation,0,134043,132570,8,0.08554479200392962
full_p3_seed17,case_004,3,3,17,trace,0,132570,132570,1,0.02692479093093425
full_p3_seed17,case_004,3,3,17,cache,0,132570,130725,4,0.029803000041283667
full_p3_seed17,case_004,3,4,17,component,0,,104188,4,0.10125045792665333
full_p3_seed17,case_004,3,4,17,operation,0,104188,104188,8,0.10358895896933973
full_p3_seed17,case_004,3,4,17,trace,0,104188,100126,2,0.019647000008262694
full_p3_seed17,case_004,3,4,17,trace,1,100126,100126,0,0.023793125059455633
full_p3_seed17,case_004,3,4,17,cache,0,100126,100126,4,0.031117000035010278
full_p3_seed17,case_004,3,5,17,component,0,,88341,4,0.13732987502589822
full_p3_seed17,case_004,3,5,17,operation,0,88341,84412,8,0.12357425002846867
full_p3_seed17,case_004,3,5,17,trace,0,84412,83353,7,0.04455662495456636
full_p3_seed17,case_004,3,5,17,trace,1,83353,82536,1,0.02503350004553795
full_p3_seed17,case_004,3,5,17,cache,0,82536,81107,4,0.03374154202174395
full_p3_seed17,case_005,3,2,17,component,0,,95618,1,0.01196079095825553
full_p3_seed17,case_005,3,2,17,operation,0,95618,56744,8,0.36718620802275836
full_p3_seed17,case_005,3,2,17,trace,0,56744,54838,8,0.13789329200517386
full_p3_seed17,case_005,3,2,17,cache,0,54838,50990,4,0.11555375007446855
full_p3_seed17,case_005,3,3,17,component,0,,95618,1,0.011461874935775995
full_p3_seed17,case_005,3,3,17,operation,0,95618,42130,8,0.4771571249002591
full_p3_seed17,case_005,3,3,17,trace,0,42130,37990,8,0.15534370800014585
full_p3_seed17,case_005,3,3,17,cache,0,37990,37248,4,0.13994383392855525
full_p3_seed17,case_005,3,4,17,component,0,,95618,1,0.013600250007584691
full_p3_seed17,case_005,3,4,17,operation,0,95618,45318,8,0.5609560830052942
full_p3_seed17,case_005,3,4,17,trace,0,45318,34989,8,0.16311470896471292
full_p3_seed17,case_005,3,4,17,cache,0,34989,34244,4,0.13498112501110882
full_p3_seed17,case_005,3,5,17,component,0,,95618,1,0.01182495802640915
full_p3_seed17,case_005,3,5,17,operation,0,95618,36097,8,0.6854676670627668
full_p3_seed17,case_005,3,5,17,trace,0,36097,34344,8,0.1702771249692887
full_p3_seed17,case_005,3,5,17,cache,0,34344,34287,4,0.1360046670306474
full_p3_seed17,case_006,3,2,17,component,0,,40612,4,0.05847537505906075
full_p3_seed17,case_006,3,2,17,operation,0,40612,40612,8,0.06779216695576906
full_p3_seed17,case_006,3,2,17,trace,0,40612,39407,8,0.026823624968528748
full_p3_seed17,case_006,3,2,17,cache,0,39407,39362,4,0.01910716702695936
full_p3_seed17,case_006,3,3,17,component,0,,31151,4,0.0902811250416562
full_p3_seed17,case_006,3,3,17,operation,0,31151,31151,8,0.0860115410760045
full_p3_seed17,case_006,3,3,17,trace,0,31151,31151,8,0.02600499999243766
full_p3_seed17,case_006,3,3,17,cache,0,31151,31151,1,0.013382749981246889
full_p3_seed17,case_006,3,4,17,component,0,,31425,4,0.12644887494388968
full_p3_seed17,case_006,3,4,17,operation,0,31425,31425,8,0.11277591600082815
full_p3_seed17,case_006,3,4,17,trace,0,31425,31425,8,0.031528707942925394
full_p3_seed17,case_006,3,4,17,cache,0,31425,31425,1,0.012809541076421738
full_p3_seed17,case_006,3,5,17,component,0,,31729,4,0.1704900829354301
full_p3_seed17,case_006,3,5,17,operation,0,31729,31729,8,0.11639587499666959
full_p3_seed17,case_006,3,5,17,trace,0,31729,31729,8,0.028684166027233005
full_p3_seed17,case_006,3,5,17,cache,0,31729,31729,1,0.01292624999769032
