id,sample,device_envelope_us,host_us,max_abs_error
sharing_053,0,984.679996967,1061.595,0
sharing_044,0,3885.27989388,4005.97,0
sharing_023,0,777.880012989,925.904,0
sharing_017,0,465.700000525,559.083,0
sharing_035,0,72117.3171997,72229.419,0
sharing_034,0,72293.3807373,72423.161,0
sharing_033,0,26683.8798523,26842.303,0
sharing_003,0,17063.4403229,17179.985,0
sharing_051,0,4502.60019302,4639.033,0
sharing_054,0,2887.52007484,3012.565,0
sharing_018,0,1134.78004932,1237.956,0
sharing_049,0,1715.60001373,1834.489,0
sharing_043,0,17810.8005524,17933.939,0
sharing_058,0,2441.8399334,2553.823,0
sharing_046,0,11375.459671,11495.377,0
sharing_030,0,400.220006704,537.673,0
sharing_022,0,759.880006313,868.794,0
sharing_021,0,191.359996796,277.162,0
sharing_028,0,123.120002449,212.711,0
sharing_009,0,1719.59996223,1814.739,0
sharing_032,0,26688.7798309,26839.804,0
sharing_026,0,608.219981194,753.504,0
sharing_010,0,4209.93995667,4341.351,0
sharing_031,0,400.53999424,532.853,0
sharing_020,0,179.440006614,296.272,0
sharing_012,0,541.980028152,633.383,0
sharing_042,0,18204.9808502,18315.851,0
sharing_001,0,6692.12007523,6841.574,0
sharing_019,0,1093.29998493,1208.586,0
sharing_047,0,11375.9403229,11487.217,0
sharing_063,0,1473.70004654,1584.508,0
sharing_060,0,1365.83995819,1473.117,0
sharing_062,0,1480.88002205,1595.308,0
sharing_011,0,4276.31998062,4379.981,0
sharing_050,0,4650.08020401,4749.293,0
sharing_039,0,45353.5385132,45472.606,0
sharing_024,0,296.220004559,425.462,0
sharing_002,0,16690.580368,16836.394,0
sharing_036,0,9058.44020844,9180.926,0
sharing_059,0,2313.47990036,2427.962,0
sharing_004,0,1841.8200016,1956.19,0
sharing_045,0,2944.09990311,3044.405,0
sharing_007,0,11374.6995926,11490.367,0
sharing_037,0,9044.93999481,9163.826,0
sharing_048,0,1892.61996746,1999.12,0
sharing_025,0,271.100014448,379.492,0
sharing_055,0,2884.81998444,2976.035,0
sharing_016,0,471.940010786,565.153,0
sharing_029,0,132.919996977,218.481,0
sharing_041,0,6706.22014999,6793.054,0
sharing_040,0,6711.7600441,6820.894,0
sharing_008,0,1724.58004951,1818.759,0
sharing_052,0,1423.69997501,1511.338,0
sharing_014,0,2881.04009628,2984.355,0
sharing_015,0,2880.28001785,2970.465,0
sharing_013,0,542.959988117,635.413,0
sharing_056,0,1453.71997356,1539.838,0
sharing_061,0,850.419998169,972.145,0
sharing_000,0,6710.68000793,6822.904,0
sharing_027,0,577.899992466,666.593,0
sharing_006,0,11374.540329,11465.447,0
sharing_057,0,1072.02005386,1197.856,0
sharing_005,0,1851.40001774,1955.16,0
sharing_038,0,45364.238739,45472.947,0
sharing_006,1,11365.0798798,11482.757,0
sharing_005,1,1701.27999783,1801.179,0
sharing_056,1,1442.34001637,1538.748,0
sharing_009,1,1713.86003494,1818.029,0
sharing_057,1,1083.19997787,1175.206,0
sharing_014,1,2880.23996353,2975.705,0
sharing_043,1,17783.6208344,17889.069,0
sharing_045,1,2937.25991249,3056.885,0
sharing_032,1,26686.1000061,26804.783,0
sharing_011,1,4304.54015732,4412.402,0
sharing_004,1,1797.00005054,1902.429,0
sharing_033,1,26695.8999634,26796.103,0
sharing_036,1,9255.96046448,9370.746,0
sharing_059,1,2289.40010071,2422.482,0
sharing_037,1,9219.03991699,9333.816,0
sharing_002,1,17076.7002106,17197.416,0
sharing_003,1,16732.1205139,16853.074,0
sharing_047,1,11423.7003326,11562.177,0
sharing_063,1,1497.07996845,1620.408,0
sharing_012,1,653.439998627,767.294,0
sharing_055,1,2905.58004379,3009.775,0
sharing_022,1,781.080007553,888.015,0
sharing_052,1,1485.13996601,1583.697,0
sharing_058,1,2433.79998207,2563.063,0
sharing_061,1,902.01997757,1017.975,0
sharing_000,1,6725.67987442,6847.204,0
sharing_050,1,4662.38021851,4762.024,0
sharing_042,1,18211.9998932,18332.111,0
sharing_007,1,11404.6201706,11508.707,0
sharing_051,1,4544.09980774,4648.084,0
sharing_025,1,286.13999486,387.761,0
sharing_018,1,1135.98001003,1242.516,0
sharing_044,1,3907.57989883,3994.229,0
sharing_023,1,771.719992161,884.334,0
sharing_031,1,421.519994736,512.123,0
sharing_027,1,607.020020485,702.624,0
sharing_013,1,567.560017109,658.653,0
sharing_034,1,72077.9037476,72191,0
sharing_062,1,1496.91998959,1633.258,0
sharing_001,1,6726.26018524,6848.334,0
sharing_016,1,488.440006971,590.093,0
sharing_038,1,45383.8615417,45500.116,0
sharing_046,1,11376.2798309,11496.157,0
sharing_049,1,1760.49995422,1853.729,0
sharing_024,1,295.839995146,419.542,0
sharing_053,1,1031.70001507,1118.326,0
sharing_021,1,200.039997697,299.452,0
sharing_054,1,2907.21988678,2988.965,0
sharing_060,1,1329.02002335,1440.577,0
sharing_020,1,235.080003738,338.891,0
sharing_039,1,45362.6213074,45522.337,0
sharing_030,1,441.020011902,563.293,0
sharing_015,1,2902.3399353,2994.985,0
sharing_019,1,1112.23995686,1201.286,0
sharing_026,1,607.179999352,706.513,0
sharing_028,1,111.859999597,220.231,0
sharing_008,1,1726.81999207,1822.349,0
sharing_017,1,455.680012703,557.362,0
sharing_041,1,6723.46019745,6822.814,0
sharing_048,1,1896.62003517,2012.63,0
sharing_035,1,72220.5963135,72339.379,0
sharing_010,1,4323.08006287,4451.632,0
sharing_040,1,6720.52001953,6824.634,0
sharing_029,1,139.239996672,257.031,0
sharing_002,2,16808.7997437,16944.715,0
sharing_026,2,598.299980164,698.133,0
sharing_010,2,4229.159832,4319.152,0
sharing_053,2,1029.63995934,1123.336,0
sharing_005,2,1853.62005234,1959.119,0
sharing_043,2,17757.1792603,17853.199,0
sharing_014,2,2894.95992661,3024.285,0
sharing_023,2,760.219991207,868.035,0
sharing_038,2,45366.481781,45495.836,0
sharing_051,2,4544.06023026,4656.863,0
sharing_004,2,1851.78005695,1966.17,0
sharing_033,2,26709.8808289,26820.954,0
sharing_015,2,2895.92003822,3021.415,0
sharing_039,2,45376.9989014,45488.017,0
sharing_063,2,1500.20003319,1610.158,0
sharing_021,2,208.299994469,309.791,0
sharing_050,2,4659.97982025,4754.364,0
sharing_040,2,6731.6198349,6839.534,0
sharing_049,2,1742.93994904,1868.3,0
sharing_036,2,9209.32006836,9683.168,0
sharing_028,2,203.979998827,331.101,0
sharing_055,2,2911.13996506,3017.625,0
sharing_054,2,2908.51998329,3033.655,0
sharing_056,2,1503.13997269,1622.208,0
sharing_032,2,26697.4601746,26806.623,0
sharing_030,2,439.999997616,549.693,0
sharing_047,2,11396.320343,11508.107,0
sharing_008,2,1719.82002258,1842.769,0
sharing_035,2,71805.1986694,71965.308,0
sharing_061,2,809.539973736,943.665,0
sharing_062,2,1515.93995094,1633.598,0
sharing_003,2,16941.4596558,17073.135,0
sharing_024,2,289.11998868,397.592,0
sharing_044,2,3912.73999214,4019.58,0
sharing_006,2,11380.7401657,11501.818,0
sharing_037,2,9077.52037048,9180.286,0
sharing_027,2,585.43998003,708.974,0
sharing_029,2,147.660002112,252.062,0
sharing_020,2,209.140002728,298.382,0
sharing_018,2,1101.30000114,1213.226,0
sharing_007,2,11413.1202698,11517.877,0
sharing_022,2,792.379975319,918.494,0
sharing_012,2,564.199984074,651.703,0
sharing_052,2,1439.02003765,1586.478,0
sharing_034,2,71997.2229004,72124.029,0
sharing_042,2,18206.3407898,18335.401,0
sharing_025,2,260.459989309,377.292,0
sharing_046,2,11403.7599564,11515.087,0
sharing_001,2,6699.58019257,6832.064,0
sharing_000,2,6728.79981995,6837.634,0
sharing_019,2,1089.28000927,1210.777,0
sharing_013,2,584.179997444,691.624,0
sharing_016,2,506.760001183,621.863,0
sharing_059,2,2350.62003136,2458.442,0
sharing_048,2,1933.4000349,2047.33,0
sharing_017,2,490.520000458,615.223,0
sharing_041,2,6737.78009415,6839.904,0
sharing_058,2,2472.12004662,2584.223,0
sharing_011,2,4248.4998703,4379.872,0
sharing_031,2,424.29998517,524.093,0
sharing_057,2,1107.93995857,1193.316,0
sharing_060,2,1402.51994133,1534.678,0
sharing_045,2,2938.10009956,3052.365,0
sharing_009,2,1739.82000351,1883.109,0
sharing_047,3,11402.3799896,11529.068,0
sharing_005,3,1795.58002949,1915.45,0
sharing_056,3,1484.94005203,1580.618,0
sharing_009,3,1734.95995998,1845.039,0
sharing_034,3,72166.2216187,72289.619,0
sharing_026,3,610.960006714,736.514,0
sharing_002,3,16717.7791595,16817.944,0
sharing_045,3,3060.06002426,3151.316,0
sharing_043,3,17924.3602753,18052.3,0
sharing_022,3,786.679983139,906.744,0
sharing_063,3,1495.46003342,1588.688,0
sharing_036,3,9270.44010162,9409.477,0
sharing_029,3,156.399995089,287.902,0
sharing_058,3,2468.78004074,2584.693,0
sharing_017,3,456.900000572,591.243,0
sharing_048,3,1897.22001553,2004.41,0
sharing_038,3,45354.4006348,45501.491,0
sharing_060,3,1235.90004444,1358.897,0
sharing_013,3,600.019991398,714.234,0
sharing_059,3,2349.40004349,2450.803,0
sharing_040,3,6713.75989914,6861.965,0
sharing_044,3,3928.78007889,4078.051,0
sharing_033,3,26703.5808563,26827.327,0
sharing_030,3,413.500010967,541.703,0
sharing_027,3,589.65998888,701.034,0
sharing_018,3,1114.0999794,1211.306,0
sharing_023,3,780.799984932,868.575,0
sharing_019,3,1104.95996475,1204.306,0
sharing_001,3,6724.76005554,6827.855,0
sharing_032,3,26681.640625,26806.866,0
sharing_010,3,4318.96018982,4437.513,0
sharing_039,3,45383.4991455,45488.081,0
sharing_003,3,17068.7007904,17186.137,0
sharing_061,3,762.000024319,897.495,0
sharing_054,3,2898.96011353,3022.866,0
sharing_046,3,11399.8603821,11514.569,0
sharing_031,3,426.259994507,541.103,0
sharing_051,3,4536.07988358,4650.573,0
sharing_037,3,9211.54022217,9344.498,0
sharing_042,3,18225.9597778,18349.413,0
sharing_052,3,1459.87999439,1563.208,0
sharing_007,3,11388.5002136,11503.288,0
sharing_053,3,1035.27998924,1132.856,0
sharing_035,3,72099.1973877,72252.556,0
sharing_062,3,1534.89995003,1659.889,0
sharing_028,3,172.519996762,283.122,0
sharing_021,3,204.76000011,308.972,0
sharing_049,3,1745.75996399,1840.09,0
sharing_020,3,227.640002966,357.141,0
sharing_012,3,562.900006771,692.794,0
sharing_006,3,11394.4797516,11494.139,0
sharing_024,3,284.900009632,373.852,0
sharing_004,3,1731.17995262,1821.139,0
sharing_011,3,4235.51988602,4344.822,0
sharing_015,3,2892.85993576,2986.055,0
sharing_057,3,1097.82004356,1203.106,0
sharing_055,3,2892.64011383,3018.335,0
sharing_016,3,488.539993763,594.903,0
sharing_014,3,2906.3398838,2999.116,0
sharing_008,3,1734.87997055,1832.199,0
sharing_025,3,284.859985113,376.192,0
sharing_000,3,6722.28002548,6813.714,0
sharing_041,3,6707.9000473,6809.034,0
sharing_050,3,4654.60014343,4796.274,0
sharing_001,4,6725.29983521,6832.814,0
sharing_038,4,45369.1596985,45477.981,0
sharing_061,4,812.200009823,933.824,0
sharing_012,4,646.560013294,774.314,0
sharing_043,4,17744.5392609,17845.93,0
sharing_017,4,472.53999114,586.063,0
sharing_025,4,276.719987392,382.002,0
sharing_051,4,4539.6399498,4628.484,0
sharing_000,4,6696.53987885,6846.425,0
sharing_050,4,4654.54006195,4754.244,0
sharing_004,4,1794.44003105,1923.62,0
sharing_020,4,181.559994817,308.552,0
sharing_045,4,2951.22003555,3055.776,0
sharing_062,4,1499.74000454,1615.208,0
sharing_024,4,271.860003471,380.012,0
sharing_002,4,16696.7201233,16801.046,0
sharing_060,4,1290.76004028,1388.877,0
sharing_053,4,1020.04003525,1141.046,0
sharing_006,4,11373.5799789,11495.338,0
sharing_046,4,11374.6204376,11474.718,0
sharing_049,4,1721.19998932,1861.969,0
sharing_044,4,3889.08004761,4008.401,0
sharing_058,4,2448.67992401,2557.193,0
sharing_031,4,398.919999599,545.713,0
sharing_037,4,9118.59989166,9224.317,0
sharing_003,4,17063.5204315,17212.298,0
sharing_047,4,11395.1396942,11511.629,0
sharing_039,4,45367.6185608,45489.941,0
sharing_056,4,1453.48000526,1567.738,0
sharing_019,4,1130.59997559,1256.587,0
sharing_026,4,599.479973316,724.363,0
sharing_009,4,1725.81994534,1830.959,0
sharing_036,4,9101.86004639,9196.117,0
sharing_011,4,4305.09996414,4417.693,0
sharing_021,4,202.199995518,288.711,0
sharing_022,4,774.699985981,875.914,0
sharing_029,4,138.099998236,239.702,0
sharing_048,4,1910.41994095,1993.71,0
sharing_030,4,430.880010128,583.942,0
sharing_023,4,781.700015068,877.505,0
sharing_032,4,26701.3397217,26808.696,0
sharing_014,4,2899.01995659,3015.035,0
sharing_055,4,2884.95993614,2989.425,0
sharing_035,4,72073.7991333,72215.956,0
sharing_007,4,11402.1596909,11522.239,0
sharing_010,4,4238.92021179,4338.702,0
sharing_059,4,2339.76006508,2438.702,0
sharing_008,4,1736.47999763,1843.37,0
sharing_005,4,1731.4800024,1824.259,0
sharing_033,4,26706.1004639,26929.036,0
sharing_057,4,1066.3599968,1204.646,0
sharing_016,4,495.999991894,613.063,0
sharing_013,4,571.020007133,680.943,0
sharing_034,4,71868.4387207,72018.975,0
sharing_042,4,18168.4608459,18305.353,0
sharing_015,4,2900.95996857,3020.485,0
sharing_027,4,601.920008659,694.984,0
sharing_054,4,2914.2999649,3019.445,0
sharing_018,4,1145.82002163,1266.097,0
sharing_052,4,1475.64005852,1584.748,0
sharing_040,4,6719.67983246,6843.875,0
sharing_028,4,176.080003381,288.531,0
sharing_041,4,6735.51988602,6849.685,0
sharing_063,4,1497.84004688,1613.008,0
sharing_004,5,1830.39999008,1952.7,0
sharing_029,5,149.100005627,254.002,0
sharing_033,5,26703.9794922,26837.906,0
sharing_025,5,284.440010786,406.902,0
sharing_034,5,72324.6383667,72497.207,0
sharing_023,5,760.800004005,878.564,0
sharing_054,5,2893.2800293,2981.655,0
sharing_021,5,196.840003133,347.671,0
sharing_050,5,4658.27989578,4764.774,0
sharing_006,5,11377.0799637,11520.438,0
sharing_022,5,788.500010967,905.275,0
sharing_038,5,45380.0582886,45497.821,0
sharing_010,5,4325.50001144,4466.683,0
sharing_027,5,581.279993057,698.784,0
sharing_005,5,1707.13996887,1825.929,0
sharing_013,5,523.699998856,646.793,0
sharing_059,5,2319.61989403,2415.382,0
sharing_000,5,6741.32013321,6872.045,0
sharing_040,5,6710.55984497,6836.895,0
sharing_047,5,11380.0601959,11488.439,0
sharing_017,5,458.579987288,581.163,0
sharing_026,5,584.060013294,691.694,0
sharing_056,5,1500.51999092,1595.618,0
sharing_055,5,2897.7200985,3009.006,0
sharing_041,5,6744.25983429,6856.574,0
sharing_048,5,1911.18001938,2006.28,0
sharing_052,5,1492.7200079,1593.338,0
sharing_016,5,479.799985886,578.133,0
sharing_018,5,1103.32000256,1187.596,0
sharing_032,5,26694.2806244,26803.575,0
sharing_001,5,6698.04000854,6816.755,0
sharing_028,5,128.220006824,218.621,0
sharing_053,5,1001.44004822,1085.286,0
sharing_030,5,417.039990425,515.553,0
sharing_019,5,1103.89995575,1229.146,0
sharing_051,5,4530.70020676,4632.553,0
sharing_044,5,3893.84007454,4001.631,0
sharing_045,5,2976.81999207,3099.706,0
sharing_062,5,1506.88004494,1619.748,0
sharing_042,5,18153.0399323,18273.623,0
sharing_057,5,1086.84003353,1192.826,0
sharing_046,5,11390.9196854,11506.078,0
sharing_003,5,16936.5406036,17041.406,0
sharing_024,5,266.620010138,362.102,0
sharing_049,5,1745.54002285,1853.649,0
sharing_060,5,1368.52002144,1475.658,0
sharing_020,5,253.699988127,362.222,0
sharing_043,5,17816.400528,17927.201,0
sharing_036,5,9158.10012817,9271.997,0
sharing_012,5,656.660020351,793.274,0
sharing_002,5,16709.1808319,16823.915,0
sharing_037,5,9158.57982635,9269.477,0
sharing_058,5,2433.55989456,2568.033,0
sharing_039,5,45356.8191528,45472.581,0
sharing_009,5,1717.67997742,1836.56,0
sharing_035,5,72116.5237427,72239.137,0
sharing_063,5,1517.09997654,1669.228,0
sharing_008,5,1725.93998909,1838.129,0
sharing_011,5,4212.84008026,4332.612,0
sharing_007,5,11385.8003616,11477.619,0
sharing_015,5,2884.54008102,3000.935,0
sharing_014,5,2873.44002724,2988.595,0
sharing_061,5,868.560016155,960.845,0
sharing_031,5,418.839991093,549.533,0
sharing_017,6,479.160010815,568.423,0
sharing_043,6,17814.2795563,17950.511,0
sharing_015,6,2886.17992401,3013.245,0
sharing_029,6,141.15999639,247.912,0
sharing_037,6,9092.92030334,9194.946,0
sharing_021,6,219.69999373,325.641,0
sharing_025,6,265.19998908,357.311,0
sharing_031,6,420.159995556,564.763,0
sharing_062,6,1505.04004955,1618.128,0
sharing_051,6,4546.04005814,4649.274,0
sharing_057,6,1084.74004269,1206.616,0
sharing_012,6,632.679998875,769.164,0
sharing_005,6,1719.77996826,1817.939,0
sharing_008,6,1715.37995338,1801.429,0
sharing_006,6,11381.5002441,11471.728,0
sharing_010,6,4221.85993195,4326.782,0
sharing_038,6,45362.8616333,45505.941,0
sharing_040,6,6724.48015213,6857.595,0
sharing_001,6,6708.68015289,6831.194,0
sharing_018,6,1099.77996349,1206.406,0
sharing_009,6,1709.93995667,1799.869,0
sharing_004,6,1723.79994392,1814.769,0
sharing_061,6,721.459984779,831.444,0
sharing_023,6,772.499978542,874.885,0
sharing_042,6,18200.8209229,18294.033,0
sharing_036,6,9170.45974731,9289.657,0
sharing_007,6,11385.020256,11510.148,0
sharing_045,6,2986.18006706,3080.365,0
sharing_032,6,26691.6999817,26816.146,0
sharing_034,6,72492.5003052,72617.928,0
sharing_033,6,26680.8395386,26801.716,0
sharing_063,6,1483.18004608,1590.648,0
sharing_048,6,1922.42002487,2023.67,0
sharing_059,6,2316.65992737,2434.222,0
sharing_053,6,1023.90003204,1142.846,0
sharing_035,6,72081.1004639,72224.016,0
sharing_050,6,4656.83984756,4780.885,0
sharing_041,6,6719.1400528,6842.435,0
sharing_014,6,2882.15994835,2991.685,0
sharing_046,6,11383.2397461,11479.348,0
sharing_044,6,3923.73991013,4062.011,0
sharing_019,6,1112.5600338,1238.967,0
sharing_000,6,6713.03987503,6819.925,0
sharing_011,6,4217.40007401,4315.072,0
sharing_049,6,1738.18004131,1849.939,0
sharing_030,6,414.240002632,524.313,0
sharing_060,6,1298.12002182,1386.387,0
sharing_054,6,2901.40008926,3024.836,0
sharing_058,6,2455.53994179,2573.843,0
sharing_003,6,16968.5993195,17099.377,0
sharing_027,6,600.920021534,712.783,0
sharing_028,6,151.419997215,237.731,0
sharing_052,6,1472.05996513,1568.128,0
sharing_047,6,11404.419899,11504.078,0
sharing_055,6,2901.88002586,3010.416,0
sharing_002,6,16946.0391998,17066.996,0
sharing_024,6,277.260005474,366.032,0
sharing_013,6,542.28001833,635.574,0
sharing_039,6,45362.5602722,45470.36,0
sharing_020,6,252.460002899,356.772,0
sharing_022,6,770.380020142,870.274,0
sharing_026,6,594.799995422,683.704,0
sharing_056,6,1437.70003319,1587.348,0
sharing_016,6,478.359997272,574.183,0
sharing_038,7,45354.0000916,45469.021,0
sharing_010,7,4310.56022644,4414.402,0
sharing_037,7,9153.65982056,9248.267,0
sharing_034,7,72321.937561,72438.337,0
sharing_018,7,1121.88005447,1229.876,0
sharing_017,7,486.019998789,575.873,0
sharing_062,7,1501.34003162,1591.278,0
sharing_003,7,16933.0997467,17064.817,0
sharing_059,7,2333.3799839,2450.362,0
sharing_054,7,2896.48008347,3016.046,0
sharing_009,7,1721.87995911,1835.279,0
sharing_035,7,71837.6998901,71941.755,0
sharing_007,7,11375.1401901,11496.238,0
sharing_023,7,796.280026436,906.134,0
sharing_061,7,778.060019016,905.165,0
sharing_014,7,2900.36010742,3021.325,0
sharing_060,7,1322.86000252,1423.427,0
sharing_058,7,2514.26005363,2642.023,0
sharing_006,7,11390.6002045,11523.049,0
sharing_043,7,17761.4803314,17855.23,0
sharing_056,7,1463.61994743,1589.138,0
sharing_031,7,432.339996099,550.433,0
sharing_051,7,4540.97986221,4638.374,0
sharing_063,7,1528.59997749,1614.598,0
sharing_042,7,18184.9002838,18315.193,0
sharing_024,7,290.120005608,413.112,0
sharing_021,7,200.120002031,287.911,0
sharing_001,7,6719.60020065,6818.325,0
sharing_013,7,562.539994717,658.913,0
sharing_025,7,284.680008888,369.682,0
sharing_019,7,1109.40003395,1199.896,0
sharing_046,7,11398.3201981,11513.028,0
sharing_032,7,26696.3195801,26845.896,0
sharing_041,7,6720.92008591,6840.385,0
sharing_020,7,245.680004358,351.381,0
sharing_050,7,4667.58012772,4779.964,0
sharing_022,7,774.839997292,900.835,0
sharing_011,7,4234.05981064,4361.482,0
sharing_000,7,6724.04003143,6841.275,0
sharing_005,7,1730.90004921,1836.089,0
sharing_008,7,1747.79999256,1831.599,0
sharing_048,7,1927.29997635,2039.03,0
sharing_004,7,1876.45995617,1993.55,0
sharing_055,7,2902.60004997,3002.005,0
sharing_053,7,1086.61997318,1211.776,0
sharing_028,7,179.340004921,303.232,0
sharing_012,7,572.459995747,681.423,0
sharing_015,7,2897.97997475,2998.525,0
sharing_016,7,481.119990349,579.093,0
sharing_047,7,11390.4600143,11487.078,0
sharing_052,7,1471.79996967,1582.238,0
sharing_027,7,603.179991245,713.433,0
sharing_044,7,3916.05997086,4012.08,0
sharing_057,7,1044.70002651,1177.006,0
sharing_026,7,587.80002594,701.243,0
sharing_039,7,45368.6218262,45474.151,0
sharing_029,7,145.280003548,260.012,0
sharing_030,7,429.479986429,521.402,0
sharing_040,7,6732.20014572,6837.435,0
sharing_002,7,16953.1993866,17082.846,0
sharing_045,7,2945.0199604,3052.555,0
sharing_036,7,9211.77959442,9329.038,0
sharing_033,7,26669.4202423,26808.256,0
sharing_049,7,1734.0400219,1861.189,0
sharing_016,8,485.520005226,603.113,0
sharing_050,8,4671.52023315,4759.044,0
sharing_014,8,2898.74005318,3004.185,0
sharing_001,8,6724.54023361,6812.015,0
sharing_061,8,817.900002003,908.454,0
sharing_047,8,11396.4796066,11506.718,0
sharing_002,8,16870.5596924,16989.936,0
sharing_011,8,4225.86011887,4326.142,0
sharing_057,8,1097.36001492,1192.776,0
sharing_054,8,2910.39991379,3013.115,0
sharing_025,8,282.48000145,381.592,0
sharing_000,8,6731.27985001,6829.895,0
sharing_021,8,201.07999444,284.871,0
sharing_037,8,9109.29965973,9200.016,0
sharing_013,8,625.100016594,719.624,0
sharing_056,8,1471.66001797,1557.638,0
sharing_012,8,634.80001688,750.253,0
sharing_052,8,1461.27998829,1547.237,0
sharing_055,8,2900.3200531,2997.415,0
sharing_017,8,491.120010614,585.003,0
sharing_042,8,18193.4604645,18285.572,0
sharing_030,8,431.380003691,545.003,0
sharing_004,8,1734.56001282,1822.289,0
sharing_028,8,130.219995975,223.031,0
sharing_026,8,593.919992447,686.914,0
sharing_018,8,1087.1399641,1184.706,0
sharing_062,8,1503.13997269,1584.948,0
sharing_051,8,4556.87999725,4665.754,0
sharing_032,8,26703.420639,26815.006,0
sharing_019,8,1137.17997074,1241.576,0
sharing_043,8,17810.4991913,17906.291,0
sharing_048,8,1926.04005337,2024.921,0
sharing_024,8,286.599993706,395.942,0
sharing_059,8,2350.28004646,2443.663,0
sharing_027,8,600.93998909,713.433,0
sharing_007,8,11378.4599304,11489.239,0
sharing_023,8,773.599982262,877.764,0
sharing_058,8,2461.78007126,2565.803,0
sharing_040,8,6727.39982605,6832.435,0
sharing_036,8,9218.87969971,9332.497,0
sharing_005,8,1881.42001629,1994.07,0
sharing_031,8,429.439991713,557.753,0
sharing_029,8,144.859999418,258.321,0
sharing_010,8,4233.69979858,4327.152,0
sharing_041,8,6720.56007385,6829.385,0
sharing_020,8,226.699993014,348.112,0
sharing_022,8,760.420024395,856.295,0
sharing_044,8,3947.4799633,4050.84,0
sharing_033,8,26689.6190643,26818.316,0
sharing_015,8,2883.21995735,2998.536,0
sharing_009,8,1707.91995525,1833.239,0
sharing_038,8,45376.7204285,45471.38,0
sharing_008,8,1735.82005501,1850.62,0
sharing_035,8,71957.8018188,72079.525,0
sharing_053,8,999.260008335,1117.176,0
sharing_034,8,71968.5974121,72111.106,0
sharing_060,8,1243.55995655,1360.427,0
sharing_046,8,11409.2998505,11541.178,0
sharing_039,8,45368.1602478,45520.671,0
sharing_049,8,1717.00000763,1860.129,0
sharing_006,8,11399.0602493,11512.358,0
sharing_003,8,16688.9591217,16828.275,0
sharing_045,8,2957.45992661,3073.946,0
sharing_063,8,1502.07996368,1617.719,0
sharing_015,9,2874.81999397,3021.176,0
sharing_030,9,410.45999527,536.913,0
sharing_038,9,45372.2190857,45521.931,0
sharing_035,9,72309.1812134,72475.427,0
sharing_044,9,3892.92001724,4017.431,0
sharing_063,9,1469.8599577,1600.838,0
sharing_061,9,881.259977818,1012.835,0
sharing_011,9,4256.68001175,4385.622,0
sharing_037,9,9181.38027191,9298.847,0
sharing_060,9,1248.78001213,1362.777,0
sharing_016,9,491.820007563,605.533,0
sharing_002,9,16695.4593658,16797.835,0
sharing_032,9,26702.999115,26823.486,0
sharing_058,9,2415.44008255,2563.363,0
sharing_045,9,2894.74010468,3027.215,0
sharing_027,9,596.279978752,702.974,0
sharing_020,9,204.500004649,311.922,0
sharing_034,9,71840.4388428,71956.275,0
sharing_001,9,6717.89979935,6839.495,0
sharing_039,9,45363.0409241,45486.381,0
sharing_056,9,1448.17996025,1566.048,0
sharing_022,9,749.920010567,886.384,0
sharing_048,9,1889.79995251,1986.34,0
sharing_017,9,468.439996243,578.773,0
sharing_052,9,1472.25999832,1580.678,0
sharing_040,9,6707.49998093,6816.405,0
sharing_053,9,1009.87994671,1154.666,0
sharing_051,9,4552.78015137,4665.903,0
sharing_008,9,1713.91999722,1821.129,0
sharing_028,9,118.47999692,221.292,0
sharing_009,9,1720.96002102,1808.809,0
sharing_021,9,168.320000172,290.862,0
sharing_062,9,1498.44002724,1591.988,0
sharing_018,9,1130.67996502,1241.096,0
sharing_012,9,544.040024281,642.093,0
sharing_003,9,16693.3403015,16795.995,0
sharing_041,9,6706.35986328,6807.374,0
sharing_024,9,279.520004988,377.652,0
sharing_013,9,545.780003071,633.203,0
sharing_026,9,574.940025806,666.384,0
sharing_031,9,419.800013304,505.943,0
sharing_006,9,11352.1003723,11476.378,0
sharing_047,9,11364.7203445,11484.788,0
sharing_014,9,2869.22001839,2993.135,0
sharing_010,9,4223.21987152,4353.832,0
sharing_025,9,313.840001822,410.372,0
sharing_005,9,1720.52001953,1810.799,0
sharing_007,9,11383.0795288,11485.888,0
sharing_055,9,2896.51989937,2999.265,0
sharing_043,9,17812.959671,17939.421,0
sharing_050,9,4659.25979614,4787.184,0
sharing_036,9,9121.10042572,9240.427,0
sharing_029,9,164.279997349,277.831,0
sharing_059,9,2310.98008156,2422.833,0
sharing_033,9,26681.7398071,26826.386,0
sharing_019,9,1113.10005188,1222.736,0
sharing_049,9,1726.24003887,1854.48,0
sharing_046,9,11376.8196106,11486.898,0
sharing_057,9,1074.23996925,1178.836,0
sharing_023,9,771.34001255,879.384,0
sharing_000,9,6702.47983932,6793.294,0
sharing_042,9,18189.3806458,18297.853,0
sharing_054,9,2886.67988777,2997.825,0
sharing_004,9,1802.97994614,1916.739,0
sharing_054,10,2895.80011368,2997.635,0
sharing_029,10,149.560004473,250.591,0
sharing_063,10,1472.69999981,1565.678,0
sharing_008,10,1724.40004349,1830.859,0
sharing_055,10,2893.01991463,2987.415,0
sharing_017,10,477.97998786,583.063,0
sharing_004,10,1810.8600378,1901.23,0
sharing_011,10,4217.72003174,4304.021,0
sharing_013,10,580.879986286,675.893,0
sharing_018,10,1100.75998306,1190.336,0
sharing_051,10,4520.80011368,4603.923,0
sharing_044,10,3882.67993927,4000.82,0
sharing_030,10,412.38000989,529.073,0
sharing_032,10,26686.4795685,26791.155,0
sharing_040,10,6746.05989456,6857.075,0
sharing_042,10,18209.0206146,18326.563,0
sharing_010,10,4348.89984131,4465.122,0
sharing_000,10,6711.80009842,6823.804,0
sharing_022,10,769.200026989,867.125,0
sharing_014,10,2888.61989975,2978.905,0
sharing_012,10,536.059975624,639.753,0
sharing_039,10,45363.2392883,45471.8,0
sharing_003,10,17034.3608856,17149.247,0
sharing_019,10,1099.72000122,1204.706,0
sharing_060,10,1279.81996536,1383.777,0
sharing_046,10,11385.219574,11495.298,0
sharing_061,10,820.540010929,921.465,0
sharing_041,10,6683.06016922,6814.295,0
sharing_027,10,585.799992085,749.144,0
sharing_035,10,71993.5379028,72134.576,0
sharing_015,10,2900.43997765,3024.025,0
sharing_023,10,781.35997057,871.695,0
sharing_048,10,1904.27994728,2023.231,0
sharing_052,10,1503.67999077,1635.588,0
sharing_028,10,168.559998274,332.282,0
sharing_020,10,208.920001984,321.641,0
sharing_025,10,266.820013523,401.162,0
sharing_034,10,71971.2982178,72115.756,0
sharing_001,10,6709.34009552,6837.044,0
sharing_056,10,1471.61996365,1572.998,0
sharing_050,10,4677.74009705,4786.894,0
sharing_031,10,426.099985838,533.452,0
sharing_006,10,11381.6003799,11476.218,0
sharing_059,10,2355.90004921,2467.182,0
sharing_037,10,9230.05962372,9348.958,0
sharing_053,10,1027.48000622,1140.775,0
sharing_009,10,1725.72004795,1840.13,0
sharing_024,10,295.63999176,386.322,0
sharing_036,10,9066.63990021,9171.777,0
sharing_045,10,2982.93995857,3112.295,0
sharing_016,10,465.939998627,581.872,0
sharing_026,10,579.339981079,697.303,0
sharing_033,10,26681.8809509,26799.466,0
sharing_049,10,1715.89994431,1848.769,0
sharing_058,10,2465.46006203,2584.783,0
sharing_062,10,1491.68002605,1609.728,0
sharing_057,10,1103.34002972,1212.406,0
sharing_021,10,197.300001979,304.081,0
sharing_038,10,45351.1390686,45486.76,0
sharing_007,10,11383.4600449,11508.668,0
sharing_047,10,11383.9998245,11490.478,0
sharing_005,10,1793.51997375,1912.74,0
sharing_002,10,16695.6005096,16823.825,0
sharing_043,10,17783.9393616,17934.961,0
sharing_006,11,11366.4999008,11534.119,0
sharing_055,11,2905.78007698,3050.116,0
sharing_008,11,1760.10000706,1859.339,0
sharing_032,11,26697.9808807,26846.836,0
sharing_026,11,596.880018711,715.764,0
sharing_018,11,1109.79998112,1208.576,0
sharing_049,11,1734.45999622,1833.789,0
sharing_025,11,273.460000753,388.302,0
sharing_045,11,2872.22003937,2966.165,0
sharing_038,11,45353.9581299,45505.79,0
sharing_034,11,72158.241272,72311.437,0
sharing_050,11,4621.98019028,4799.004,0
sharing_036,11,9136.91997528,9280.357,0
sharing_001,11,6686.52009964,6824.274,0
sharing_040,11,6705.20019531,6842.745,0
sharing_053,11,986.739993095,1144.536,0
sharing_023,11,763.480007648,888.044,0
sharing_052,11,1514.45996761,1619.028,0
sharing_033,11,26678.8005829,26819.886,0
sharing_019,11,1113.75999451,1234.026,0
sharing_012,11,603.7799716,710.864,0
sharing_011,11,4243.12019348,4341.452,0
sharing_005,11,1697.99995422,1802.849,0
sharing_047,11,11396.4004517,11502.138,0
sharing_057,11,1069.62001324,1178.346,0
sharing_021,11,205.760002136,314.542,0
sharing_028,11,166.659995914,250.851,0
sharing_010,11,4205.99985123,4298.041,0
sharing_002,11,16694.4198608,16804.775,0
sharing_027,11,579.320013523,677.113,0
sharing_061,11,854.340016842,934.704,0
sharing_003,11,16944.2806244,17104.057,0
sharing_017,11,467.500001192,575.793,0
sharing_030,11,412.120014429,503.652,0
sharing_004,11,1720.49999237,1820.839,0
sharing_015,11,2881.09993935,2985.815,0
sharing_007,11,11375.3795624,11506.078,0
sharing_043,11,17755.9394836,17879.28,0
sharing_013,11,554.0599823,669.793,0
sharing_060,11,1307.31999874,1408.887,0
sharing_009,11,1690.84000587,1830.889,0
sharing_056,11,1457.72004128,1582.128,0
sharing_041,11,6689.34011459,6841.345,0
sharing_062,11,1503.88002396,1623.058,0
sharing_022,11,782.540023327,901.645,0
sharing_035,11,71841.9189453,71969.605,0
sharing_054,11,2877.41994858,2995.325,0
sharing_051,11,4576.66015625,4692.914,0
sharing_037,11,9185.87970734,9299.077,0
sharing_016,11,499.260008335,607.853,0
sharing_020,11,172.27999866,262.522,0
sharing_046,11,11376.999855,11473.358,0
sharing_059,11,2311.14006042,2427.882,0
sharing_014,11,2876.60002708,2989.625,0
sharing_039,11,45359.3406677,45482.571,0
sharing_048,11,1907.42003918,2032.361,0
sharing_031,11,402.079999447,523.903,0
sharing_044,11,3932.51991272,4026.041,0
sharing_063,11,1487.14005947,1592.028,0
sharing_042,11,18222.6791382,18329.323,0
sharing_000,11,6697.72005081,6810.774,0
sharing_058,11,2452.71992683,2552.123,0
sharing_029,11,123.819999397,255.061,0
sharing_024,11,271.239995956,355.732,0
sharing_044,12,3921.36001587,4007.29,0
sharing_053,12,1026.34000778,1131.135,0
sharing_005,12,1848.86002541,1962.51,0
sharing_016,12,472.020000219,561.023,0
sharing_000,12,6738.84010315,6846.114,0
sharing_023,12,779.659986496,888.455,0
sharing_050,12,4651.80015564,4759.964,0
sharing_034,12,72173.2177734,72337.276,0
sharing_056,12,1434.49997902,1552.347,0
sharing_030,12,416.0400033,530.503,0
sharing_012,12,564.880013466,664.904,0
sharing_022,12,785.740017891,901.354,0
sharing_018,12,1121.94001675,1213.526,0
sharing_042,12,18203.9604187,18305.682,0
sharing_021,12,208.480000496,312.771,0
sharing_027,12,576.64000988,664.983,0
sharing_054,12,2918.67995262,3022.216,0
sharing_040,12,6725.54016113,6839.685,0
sharing_026,12,622.919976711,724.893,0
sharing_055,12,2874.90010262,2970.435,0
sharing_032,12,26659.9407196,26819.016,0
sharing_062,12,1493.49999428,1607.308,0
sharing_035,12,71930.4199219,72058.195,0
sharing_029,12,168.579995632,271.562,0
sharing_033,12,26698.1601715,26789.226,0
sharing_048,12,1900.3200531,2020.49,0
sharing_013,12,597.859978676,706.943,0
sharing_047,12,11400.6204605,11497.438,0
sharing_009,12,1732.80000687,1836.669,0
sharing_051,12,4508.73994827,4611.364,0
sharing_001,12,6727.6802063,6838.455,0
sharing_002,12,16714.0808105,16818.105,0
sharing_003,12,16709.2399597,16813.776,0
sharing_007,12,11392.660141,11496.578,0
sharing_039,12,45376.1787415,45478.11,0
sharing_058,12,2420.16005516,2543.433,0
sharing_020,12,187.680006027,311.962,0
sharing_017,12,468.279987574,571.253,0
sharing_057,12,1069.67997551,1181.066,0
sharing_063,12,1467.49997139,1607.458,0
sharing_038,12,45342.880249,45484.431,0
sharing_011,12,4294.00014877,4420.503,0
sharing_043,12,17802.9403687,17903.521,0
sharing_036,12,9180.82046509,9293.697,0
sharing_025,12,298.079997301,406.062,0
sharing_014,12,2896.15988731,3002.465,0
sharing_041,12,6734.24005508,6846.054,0
sharing_060,12,1286.65995598,1414.477,0
sharing_008,12,1735.15999317,1852.689,0
sharing_049,12,1729.0199995,1837.709,0
sharing_010,12,4321.28000259,4442.363,0
sharing_037,12,9083.23955536,9191.467,0
sharing_031,12,460.720002651,572.293,0
sharing_059,12,2338.27996254,2441.353,0
sharing_004,12,1855.99994659,1968.33,0
sharing_024,12,282.559990883,372.032,0
sharing_019,12,1091.94004536,1189.996,0
sharing_015,12,2907.8400135,3009.055,0
sharing_046,12,11398.9200592,11512.819,0
sharing_052,12,1457.39996433,1570.148,0
sharing_006,12,11378.0002594,11501.669,0
sharing_061,12,816.839993,920.714,0
sharing_045,12,2870.8999157,2980.515,0
sharing_028,12,156.240001321,264.672,0
sharing_001,13,6722.34010696,6823.085,0
sharing_004,13,1732.07998276,1822.579,0
sharing_031,13,420.659989119,520.193,0
sharing_057,13,1085.11996269,1167.906,0
sharing_033,13,26691.4997101,26825.846,0
sharing_062,13,1515.87998867,1625.408,0
sharing_024,13,297.060012817,409.402,0
sharing_042,13,18221.0006714,18359.913,0
sharing_012,13,658.379971981,765.524,0
sharing_039,13,45384.1781616,45506.88,0
sharing_008,13,1735.80002785,1847.48,0
sharing_022,13,787.859976292,889.054,0
sharing_030,13,443.419992924,531.133,0
sharing_047,13,11404.800415,11493.278,0
sharing_032,13,26700.6607056,26817.106,0
sharing_002,13,17099.5998383,17207.857,0
sharing_055,13,2908.96010399,3005.675,0
sharing_041,13,6752.12001801,6859.304,0
sharing_000,13,6727.11992264,6840.304,0
sharing_044,13,3944.79990005,4040.561,0
sharing_036,13,9202.13985443,9309.527,0
sharing_058,13,2452.60000229,2568.053,0
sharing_053,13,1049.20005798,1157.436,0
sharing_014,13,2900.97999573,3013.225,0
sharing_026,13,598.500013351,688.303,0
sharing_025,13,279.260009527,367.992,0
sharing_028,13,145.23999393,252.882,0
sharing_061,13,840.64000845,927.734,0
sharing_045,13,2850.91996193,2968.655,0
sharing_020,13,245.539993048,348.841,0
sharing_038,13,45380.4206848,45499.071,0
sharing_029,13,202.519997954,327.622,0
sharing_037,13,9253.25965881,9373.208,0
sharing_021,13,214.460000396,340.882,0
sharing_063,13,1498.91996384,1627.108,0
sharing_059,13,2348.52004051,2484.573,0
sharing_011,13,4272.26018906,4395.903,0
sharing_018,13,1152.79996395,1264.387,0
sharing_054,13,2905.17997742,3010.195,0
sharing_010,13,4293.1599617,4404.722,0
sharing_016,13,482.939988375,593.103,0
sharing_015,13,2901.2799263,3005.075,0
sharing_040,13,6729.5999527,6848.015,0
sharing_056,13,1455.52003384,1578.228,0
sharing_003,13,16931.0398102,17064.477,0
sharing_017,13,487.399995327,581.243,0
sharing_019,13,1145.25997639,1270.896,0
sharing_013,13,567.680001259,672.794,0
sharing_049,13,1742.31994152,1859.499,0
sharing_027,13,600.619971752,707.004,0
sharing_009,13,1719.8599577,1812.839,0
sharing_051,13,4534.73997116,4616.024,0
sharing_023,13,778.299987316,883.294,0
sharing_007,13,11387.8002167,11500.768,0
sharing_005,13,1728.5399437,1815.419,0
sharing_050,13,4660.22014618,4745.484,0
sharing_060,13,1346.79996967,1448.688,0
sharing_048,13,1921.72002792,2031.98,0
sharing_034,13,72248.9776611,72380.327,0
sharing_006,13,11398.9200592,11503.088,0
sharing_043,13,17804.3193817,17898.671,0
sharing_035,13,71938.9190674,72050.325,0
sharing_052,13,1433.4000349,1546.458,0
sharing_046,13,11395.6003189,11510.129,0
sharing_053,14,1038.02001476,1137.026,0
sharing_017,14,487.199991941,598.423,0
sharing_028,14,155.799999833,244.831,0
sharing_046,14,11386.7797852,11478.798,0
sharing_010,14,4350.01993179,4451.513,0
sharing_034,14,71891.3421631,72047.515,0
sharing_006,14,11409.3999863,11521.978,0
sharing_012,14,550.880014896,659.894,0
sharing_050,14,4639.71996307,4758.634,0
sharing_044,14,3883.82005692,4002.481,0
sharing_048,14,1891.36004448,2001.4,0
sharing_060,14,1333.06002617,1441.857,0
sharing_054,14,2885.78009605,2992.235,0
sharing_032,14,26670.5799103,26800.436,0
sharing_056,14,1431.92005157,1558.128,0
sharing_043,14,17812.2997284,17926.271,0
sharing_021,14,198.400005698,316.072,0
sharing_025,14,273.279994726,360.112,0
sharing_004,14,1767.27998257,1864.079,0
sharing_019,14,1103.89995575,1203.106,0
sharing_011,14,4220.39985657,4323.672,0
sharing_052,14,1456.33995533,1550.998,0
sharing_057,14,1049.3799448,1162.016,0
sharing_041,14,6718.93978119,6824.475,0
sharing_009,14,1711.97998524,1828.209,0
sharing_037,14,9156.51988983,9246.787,0
sharing_051,14,4516.35980606,4644.473,0
sharing_063,14,1465.31999111,1591.778,0
sharing_059,14,2340.62004089,2444.882,0
sharing_049,14,1749.69995022,1874.1,0
sharing_003,14,16927.5608063,17032.556,0
sharing_018,14,1092.26000309,1188.796,0
sharing_000,14,6704.76007462,6857.925,0
sharing_013,14,552.20001936,652.543,0
sharing_014,14,2889.71996307,2980.535,0
sharing_038,14,45364.4790649,45476.211,0
sharing_055,14,2897.05991745,3012.245,0
sharing_016,14,504.980027676,631.644,0
sharing_023,14,781.700015068,882.504,0
sharing_039,14,45373.878479,45492.221,0
sharing_036,14,9313.19999695,9446.148,0
sharing_022,14,800.119996071,916.045,0
sharing_008,14,1727.62000561,1821.049,0
sharing_007,14,11391.119957,11484.928,0
sharing_029,14,148.959994316,244.191,0
sharing_047,14,11397.5200653,11500.218,0
sharing_045,14,3004.22000885,3120.226,0
sharing_020,14,204.659998417,320.181,0
sharing_030,14,420.3799963,533.433,0
sharing_005,14,1713.87994289,1817.149,0
sharing_033,14,26702.6805878,26806.016,0
sharing_042,14,18227.7793884,18343.423,0
sharing_062,14,1511.98005676,1616.668,0
sharing_001,14,6691.18022919,6819.135,0
sharing_026,14,598.420023918,699.743,0
sharing_027,14,594.439983368,691.463,0
sharing_024,14,286.720007658,376.192,0
sharing_015,14,2905.28011322,3001.316,0
sharing_035,14,71917.0379639,72028.605,0
sharing_031,14,433.259993792,560.933,0
sharing_058,14,2454.31995392,2546.753,0
sharing_061,14,889.779984951,1006.836,0
sharing_002,14,16970.0393677,17078.297,0
sharing_040,14,6722.62001038,6820.644,0
sharing_011,15,4294.87991333,4411.302,0
sharing_020,15,220.320001245,320.191,0
sharing_060,15,1272.69995213,1386.547,0
sharing_019,15,1126.42002106,1253.257,0
sharing_033,15,26674.6997833,26790.276,0
sharing_036,15,9293.43986511,9419.738,0
sharing_018,15,1100.23999214,1253.796,0
sharing_049,15,1726.7999649,1820.309,0
sharing_003,15,16922.8591919,17038.576,0
sharing_005,15,1727.65994072,1830.669,0
sharing_038,15,45367.7406311,45462.141,0
sharing_000,15,6722.87988663,6837.625,0
sharing_013,15,545.360028744,654.033,0
sharing_014,15,2899.82008934,2987.895,0
sharing_042,15,18211.8606567,18313.593,0
sharing_004,15,1825.26004314,1934.61,0
sharing_041,15,6724.14016724,6820.004,0
sharing_031,15,416.799992323,529.973,0
sharing_061,15,768.519997597,877.614,0
sharing_008,15,1729.27999496,1834.839,0
sharing_035,15,71724.5178223,71829.324,0
sharing_039,15,45387.7983093,45516.37,0
sharing_029,15,169.320002198,298.741,0
sharing_030,15,427.399992943,521.283,0
sharing_057,15,1085.63995361,1172.896,0
sharing_017,15,477.29998827,606.473,0
sharing_002,15,16930.2005768,17043.947,0
sharing_009,15,1726.11999512,1828.75,0
sharing_026,15,594.439983368,675.073,0
sharing_012,15,578.800022602,665.734,0
sharing_055,15,2887.09998131,2972.445,0
sharing_059,15,2335.18004417,2450.632,0
sharing_046,15,11402.7795792,11505.548,0
sharing_051,15,4544.49987411,4647.134,0
sharing_015,15,2881.81996346,3005.236,0
sharing_006,15,11389.3404007,11491.509,0
sharing_050,15,4677.76012421,4771.745,0
sharing_010,15,4300.83990097,4400.663,0
sharing_056,15,1474.46000576,1550.767,0
sharing_053,15,1046.38004303,1148.435,0
sharing_044,15,3895.69997787,3997.18,0
sharing_062,15,1541.30005836,1631.199,0
sharing_048,15,1915.09997845,2016.11,0
sharing_063,15,1501.88004971,1610.448,0
sharing_001,15,6706.88009262,6821.355,0
sharing_037,15,9121.60015106,9212.917,0
sharing_040,15,6732.46002197,6829.794,0
sharing_021,15,217.140004039,328.222,0
sharing_007,15,11383.1996918,11471.778,0
sharing_023,15,782.959997654,867.235,0
sharing_058,15,2466.93992615,2556.773,0
sharing_032,15,26709.2208862,26813.376,0
sharing_052,15,1436.87999249,1544.888,0
sharing_047,15,11391.7398453,11498.159,0
sharing_024,15,289.220005274,379.432,0
sharing_028,15,108.900003135,214.461,0
sharing_025,15,243.399992585,352.532,0
sharing_043,15,17763.7805939,17886.471,0
sharing_054,15,2897.55988121,3041.165,0
sharing_016,15,473.859995604,602.653,0
sharing_045,15,2999.91989136,3106.296,0
sharing_034,15,72101.0971069,72226.816,0
sharing_027,15,611.419975758,715.374,0
sharing_022,15,779.959976673,863.814,0
sharing_014,16,2903.23996544,2986.785,0
sharing_046,16,11397.0804214,11488.358,0
sharing_033,16,26689.0392303,26813.406,0
sharing_022,16,778.580009937,882.154,0
sharing_007,16,11395.2598572,11482.008,0
sharing_041,16,6732.31983185,6819.714,0
sharing_005,16,1793.77996922,1902.87,0
sharing_011,16,4248.79980087,4357.302,0
sharing_056,16,1481.27996922,1575.468,0
sharing_058,16,2470.79992294,2571.533,0
sharing_010,16,4293.64013672,4398.323,0
sharing_004,16,1746.3799715,1824.209,0
sharing_047,16,11383.9597702,11478.188,0
sharing_062,16,1530.67994118,1633.909,0
sharing_054,16,2906.37993813,3023.025,0
sharing_044,16,3898.47993851,4005.04,0
sharing_049,16,1751.3999939,1854.219,0
sharing_032,16,26692.3999786,26813.106,0
sharing_030,16,434.700012207,531.313,0
sharing_020,16,221.499994397,301.771,0
sharing_037,16,9107.37991333,9190.507,0
sharing_021,16,230.079993606,334.712,0
sharing_001,16,6728.79981995,6813.245,0
sharing_029,16,147.180005908,232.281,0
sharing_025,16,288.619995117,368.522,0
sharing_059,16,2342.2999382,2431.812,0
sharing_055,16,2900.12001991,3009.095,0
sharing_043,16,17855.9608459,17964.291,0
sharing_018,16,1166.30005836,1289.577,0
sharing_060,16,1302.55997181,1395.257,0
sharing_026,16,619.080007076,708.733,0
sharing_061,16,854.439973831,947.975,0
sharing_003,16,16979.8793793,17096.296,0
sharing_027,16,597.760021687,690.633,0
sharing_031,16,443.899989128,540.893,0
sharing_019,16,1112.54000664,1269.046,0
sharing_002,16,16713.180542,16822.356,0
sharing_015,16,2902.64010429,3001.975,0
sharing_051,16,4554.29983139,4665.584,0
sharing_038,16,45392.2386169,45515.461,0
sharing_006,16,11402.7795792,11514.809,0
sharing_013,16,573.840022087,674.704,0
sharing_053,16,1021.1199522,1115.335,0
sharing_028,16,195.999994874,313.062,0
sharing_042,16,18239.0804291,18358.353,0
sharing_034,16,72181.7016602,72310.897,0
sharing_040,16,6735.66007614,6851.675,0
sharing_009,16,1717.57996082,1838.239,0
sharing_036,16,9119.35997009,9234.936,0
sharing_052,16,1448.60005379,1563.148,0
sharing_023,16,798.039972782,909.905,0
sharing_045,16,2928.139925,3019.836,0
sharing_063,16,1503.9999485,1612.848,0
sharing_008,16,1742.8599596,1869.349,0
sharing_016,16,501.800000668,584.613,0
sharing_024,16,289.099991322,387.372,0
sharing_057,16,1106.14001751,1219.876,0
sharing_035,16,71947.2198486,72074.865,0
sharing_017,16,472.660005093,606.363,0
sharing_039,16,45362.2589111,45486.691,0
sharing_048,16,1891.63994789,2016.33,0
sharing_012,16,630.95998764,758.754,0
sharing_000,16,6729.87985611,6845.285,0
sharing_050,16,4651.46017075,4763.714,0
sharing_043,17,17833.1394196,17951.231,0
sharing_007,17,11368.9203262,11504.269,0
sharing_001,17,6721.92001343,6834.074,0
sharing_048,17,1904.78003025,2014.41,0
sharing_016,17,472.200006247,588.223,0
sharing_011,17,4211.93981171,4316.922,0
sharing_037,17,9073.06003571,9172.857,0
sharing_062,17,1500.59998035,1606.428,0
sharing_030,17,412.059992552,525.372,0
sharing_050,17,4646.75998688,4743.454,0
sharing_044,17,3892.96007156,4017.69,0
sharing_057,17,1065.01996517,1182.496,0
sharing_000,17,6694.03982162,6829.235,0
sharing_003,17,16705.2993774,16814.425,0
sharing_058,17,2450.95992088,2557.493,0
sharing_023,17,741.100013256,868.644,0
sharing_053,17,997.579991817,1122.626,0
sharing_008,17,1701.06005669,1832.229,0
sharing_027,17,605.719983578,710.923,0
sharing_036,17,9068.400383,9171.777,0
sharing_015,17,2899.49989319,3032.605,0
sharing_055,17,2916.77999496,3022.916,0
sharing_045,17,2865.29994011,2988.496,0
sharing_032,17,26713.4208679,26860.166,0
sharing_014,17,2903.10001373,3017.455,0
sharing_029,17,107.179999352,260.661,0
sharing_046,17,11393.8398361,11504.128,0
sharing_049,17,1736.27996445,1853.859,0
sharing_022,17,765.200018883,882.744,0
sharing_026,17,600.019991398,709.084,0
sharing_019,17,1110.21995544,1218.836,0
sharing_033,17,26700.9792328,26842.556,0
sharing_025,17,301.539987326,402.982,0
sharing_035,17,72323.7991333,72447.018,0
sharing_031,17,437.819987535,541.373,0
sharing_040,17,6730.10015488,6825.134,0
sharing_005,17,1851.11999512,1944.049,0
sharing_009,17,1731.01997375,1854.25,0
sharing_060,17,1269.97995377,1368.967,0
sharing_002,17,16943.0198669,17071.067,0
sharing_038,17,45387.1612549,45511.021,0
sharing_012,17,685.88000536,799.084,0
sharing_042,17,18232.1395874,18352.783,0
sharing_061,17,792.919993401,921.375,0
sharing_056,17,1552.36005783,1665.689,0
sharing_063,17,1505.69999218,1624.038,0
sharing_052,17,1517.77994633,1638.499,0
sharing_041,17,6702.72016525,6823.194,0
sharing_006,17,11390.9597397,11517.358,0
sharing_059,17,2350.57997704,2447.442,0
sharing_013,17,575.559973717,693.623,0
sharing_047,17,11378.8204193,11483.408,0
sharing_017,17,492.659986019,594.883,0
sharing_018,17,1145.23994923,1242.817,0
sharing_051,17,4542.16003418,4632.834,0
sharing_039,17,45386.138916,45505.811,0
sharing_028,17,202.319994569,310.291,0
sharing_054,17,2905.51996231,3005.446,0
sharing_004,17,1822.239995,1923.04,0
sharing_024,17,283.939987421,376.182,0
sharing_034,17,71816.6427612,71930.285,0
sharing_021,17,216.940000653,319.112,0
sharing_010,17,4290.76004028,4380.962,0
sharing_020,17,204.359993339,288.522,0
sharing_037,18,9096.159935,9183.067,0
sharing_001,18,6729.42018509,6833.305,0
sharing_015,18,2903.16009521,2991.706,0
sharing_002,18,16717.3595428,16823.336,0
sharing_030,18,433.679997921,511.983,0
sharing_061,18,780.740022659,865.044,0
sharing_019,18,1130.46002388,1228.606,0
sharing_044,18,3896.64006233,3980.511,0
sharing_041,18,6732.12003708,6828.365,0
sharing_000,18,6719.56014633,6835.594,0
sharing_054,18,2908.83994102,2988.935,0
sharing_049,18,1758.93998146,1863.189,0
sharing_063,18,1502.40004063,1617.969,0
sharing_023,18,789.79998827,886.024,0
sharing_056,18,1525.92003345,1607.738,0
sharing_029,18,161.439999938,260.541,0
sharing_053,18,1022.97997475,1122.815,0
sharing_018,18,1143.72003078,1237.666,0
sharing_003,18,16708.7402344,16801.955,0
sharing_058,18,2452.71992683,2535.853,0
sharing_021,18,193.979993463,310.542,0
sharing_062,18,1482.36000538,1584.048,0
sharing_027,18,589.860022068,684.794,0
sharing_028,18,148.440003395,228.201,0
sharing_045,18,2968.03998947,3054.926,0
sharing_026,18,609.12001133,701.923,0
sharing_020,18,181.360006332,279.971,0
sharing_052,18,1459.61999893,1543.218,0
sharing_039,18,45360.7406616,45480.831,0
sharing_055,18,2889.78004456,2996.426,0
sharing_004,18,1838.14001083,1943.35,0
sharing_005,18,1715.10004997,1802.499,0
sharing_046,18,11378.1204224,11474.579,0
sharing_032,18,26673.4409332,26793.865,0
sharing_050,18,4651.67999268,4754.074,0
sharing_013,18,575.02001524,673.614,0
sharing_007,18,11374.03965,11452.438,0
sharing_042,18,18232.7194214,18337.643,0
sharing_022,18,774.900019169,874.625,0
sharing_008,18,1724.22003746,1811.35,0
sharing_014,18,2877.66003609,2962.635,0
sharing_017,18,482.699990273,585.433,0
sharing_047,18,11377.4003983,11464.919,0
sharing_051,18,4516.26014709,4624.303,0
sharing_012,18,636.099994183,730.814,0
sharing_024,18,266.939997673,347.082,0
sharing_006,18,11377.3202896,11480.548,0
sharing_057,18,1090.86000919,1178.776,0
sharing_031,18,416.880011559,532.332,0
sharing_034,18,72071.8002319,72173.506,0
sharing_048,18,1893.33999157,1999.921,0
sharing_043,18,17844.5205688,17957.061,0
sharing_025,18,290.919989347,385.042,0
sharing_016,18,483.44001174,562.523,0
sharing_009,18,1723.62005711,1814.489,0
sharing_038,18,45388.8206482,45489.04,0
sharing_011,18,4305.92012405,4428.893,0
sharing_010,18,4281.11982346,4383.772,0
sharing_036,18,9126.66034698,9210.267,0
sharing_033,18,26686.4395142,26803.946,0
sharing_035,18,72296.5774536,72441.298,0
sharing_059,18,2321.8998909,2461.812,0
sharing_040,18,6739.14003372,6856.915,0
sharing_060,18,1262.17997074,1392.737,0
sharing_022,19,761.319994926,940.575,0
sharing_005,19,1721.06003761,1840.889,0
sharing_004,19,1715.45994282,1827.79,0
sharing_036,19,9082.57961273,9190.816,0
sharing_014,19,2873.53992462,2996.655,0
sharing_038,19,45357.4409485,45497.63,0
sharing_017,19,459.179997444,570.793,0
sharing_026,19,594.340026379,684.744,0
sharing_031,19,409.880012274,501.502,0
sharing_002,19,16705.6007385,16794.385,0
sharing_011,19,4221.03977203,4307.852,0
sharing_030,19,445.1200068,536.932,0
sharing_025,19,275.220006704,360.912,0
sharing_008,19,1709.07998085,1791.699,0
sharing_058,19,2467.60010719,2562.413,0
sharing_023,19,762.260019779,881.404,0
sharing_013,19,553.879976273,640.703,0
sharing_018,19,1118.1999445,1205.186,0
sharing_021,19,179.460003972,270.692,0
sharing_040,19,6707.03983307,6804.414,0
sharing_059,19,2321.46000862,2424.463,0
sharing_060,19,1374.92001057,1472.917,0
sharing_020,19,217.51999855,310.752,0
sharing_061,19,840.120017529,922.995,0
sharing_054,19,2889.69993591,2992.176,0
sharing_049,19,1730.29994965,1829.65,0
sharing_007,19,11377.7198792,11491.808,0
sharing_042,19,18228.1608582,18320.683,0
sharing_012,19,638.580024242,752.654,0
sharing_009,19,1711.0799551,1791.549,0
sharing_050,19,4652.8801918,4750.735,0
sharing_047,19,11368.4997559,11491.178,0
sharing_006,19,11378.0202866,11487.848,0
sharing_041,19,6710.17980576,6811.044,0
sharing_039,19,45355.6785583,45475.54,0
sharing_046,19,11356.7399979,11502.078,0
sharing_033,19,26678.5392761,26818.436,0
sharing_062,19,1487.49995232,1601.638,0
sharing_037,19,9137.63999939,9240.466,0
sharing_052,19,1422.96004295,1525.887,0
sharing_055,19,2882.83991814,3003.486,0
sharing_000,19,6706.99977875,6828.445,0
sharing_028,19,124.540001154,225.361,0
sharing_016,19,489.919990301,594.713,0
sharing_057,19,1100.52001476,1211.756,0
sharing_056,19,1532.3599577,1648.658,0
sharing_063,19,1487.67995834,1601.998,0
sharing_027,19,608.25997591,714.674,0
sharing_003,19,16923.9196777,17024.456,0
sharing_024,19,296.73999548,383.932,0
sharing_029,19,144.999995828,230.831,0
sharing_001,19,6721.47989273,6803.614,0
sharing_045,19,2981.08005524,3088.226,0
sharing_034,19,72022.4227905,72156.435,0
sharing_043,19,17830.3394318,17954.771,0
sharing_015,19,2892.62008667,3000.255,0
sharing_044,19,3958.2400322,4056.451,0
sharing_010,19,4347.55992889,4458.792,0
sharing_048,19,1907.24003315,1986.6,0
sharing_051,19,4563.96007538,4694.184,0
sharing_032,19,26698.179245,26816.876,0
sharing_035,19,72289.8635864,72465.647,0
sharing_019,19,1101.40001774,1227.816,0
sharing_053,19,1016.24000072,1110.366,0
sharing_025,20,295.139998198,389.782,0
sharing_039,20,45385.219574,45549.031,0
sharing_010,20,4332.13996887,4452.653,0
sharing_032,20,26706.319809,26835.256,0
sharing_011,20,4296.44012451,4429.472,0
sharing_057,20,1084.4399929,1182.756,0
sharing_020,20,235.259994864,345.452,0
sharing_028,20,139.620006084,225.861,0
sharing_061,20,858.319997787,943.105,0
sharing_021,20,202.299997211,323.031,0
sharing_045,20,2914.70003128,3017.395,0
sharing_038,20,45354.259491,45522.351,0
sharing_027,20,596.119999886,721.554,0
sharing_040,20,6729.95996475,6840.745,0
sharing_002,20,16914.8197174,17107.577,0
sharing_041,20,6716.32003784,6878.235,0
sharing_018,20,1148.69999886,1268.866,0
sharing_009,20,1724.58004951,1845.809,0
sharing_054,20,2897.90010452,3004.235,0
sharing_015,20,2868.74008179,3024.036,0
sharing_029,20,128.419995308,226.181,0
sharing_019,20,1101.17995739,1217.506,0
sharing_062,20,1522.74000645,1641.058,0
sharing_022,20,753.84002924,887.545,0
sharing_037,20,9094.82002258,9209.116,0
sharing_026,20,610.440015793,719.454,0
sharing_023,20,797.640025616,891.574,0
sharing_000,20,6713.43994141,6882.225,0
sharing_024,20,253.879994154,370.792,0
sharing_016,20,458.81998539,566.373,0
sharing_031,20,401.10000968,523.282,0
sharing_005,20,1699.75996017,1817.299,0
sharing_012,20,521.08001709,661.163,0
sharing_059,20,2324.30005074,2428.432,0
sharing_053,20,1029.24001217,1174.466,0
sharing_055,20,2887.82000542,3027.365,0
sharing_030,20,403.100013733,532.112,0
sharing_050,20,4660.07995605,4799.694,0
sharing_034,20,72055.4428101,72271.497,0
sharing_056,20,1399.14000034,1580.938,0
sharing_003,20,16912.3001099,17063.207,0
sharing_042,20,18191.9593811,18364.793,0
sharing_048,20,1879.94003296,2020.15,0
sharing_051,20,4576.20000839,4703.394,0
sharing_036,20,9251.19972229,9386.688,0
sharing_046,20,11390.5601501,11563.829,0
sharing_049,20,1720.5799818,1871.729,0
sharing_008,20,1717.6400423,1841.85,0
sharing_043,20,17800.4207611,17894.671,0
sharing_052,20,1490.7399416,1594.548,0
sharing_060,20,1343.01996231,1452.237,0
sharing_058,20,2467.90003777,2569.533,0
sharing_013,20,591.920018196,701.114,0
sharing_014,20,2901.88002586,3001.115,0
sharing_001,20,6722.38016129,6824.735,0
sharing_047,20,11388.1998062,11491.789,0
sharing_044,20,3934.43989754,4053.631,0
sharing_035,20,72394.0963745,72535.868,0
sharing_063,20,1492.49994755,1601.138,0
sharing_004,20,1875.10001659,1990.95,0
sharing_006,20,11387.7601624,11504.409,0
sharing_017,20,478.65998745,581.133,0
sharing_007,20,11396.2602615,11496.079,0
sharing_033,20,26706.8195343,26805.456,0
sharing_048,21,1909.01994705,2022.6,0
sharing_057,21,1086.06004715,1198.187,0
sharing_022,21,785.380005836,890.805,0
sharing_015,21,2903.7001133,2990.345,0
sharing_042,21,18211.6203308,18331.753,0
sharing_049,21,1744.51994896,1858.339,0
sharing_003,21,16943.5806274,17059.326,0
sharing_036,21,9071.02012634,9211.477,0
sharing_018,21,1136.63995266,1250.977,0
sharing_058,21,2465.93999863,2557.823,0
sharing_026,21,619.599997997,726.753,0
sharing_061,21,855.04001379,953.965,0
sharing_038,21,45367.8398132,45525.58,0
sharing_021,21,200.719997287,318.002,0
sharing_010,21,4268.30005646,4401.192,0
sharing_000,21,6707.58008957,6818.295,0
sharing_028,21,112.49999702,231.141,0
sharing_041,21,6723.91986847,6828.725,0
sharing_031,21,417.519986629,533.363,0
sharing_063,21,1488.08002472,1576.108,0
sharing_035,21,72146.4004517,72305.946,0
sharing_016,21,473.89999032,586.383,0
sharing_024,21,281.23998642,376.022,0
sharing_043,21,17785.1791382,17885.021,0
sharing_045,21,2932.15990067,3067.886,0
sharing_056,21,1464.04004097,1592.748,0
sharing_059,21,2335.3600502,2472.512,0
sharing_004,21,1835.99996567,1957.32,0
sharing_013,21,565.079987049,668.094,0
sharing_025,21,277.15998888,390.182,0
sharing_002,21,16719.9802399,16822.145,0
sharing_033,21,26674.4003296,26805.966,0
sharing_019,21,1109.85994339,1215.166,0
sharing_027,21,597.299993038,696.514,0
sharing_012,21,624.239981174,726.373,0
sharing_040,21,6699.50008392,6805.115,0
sharing_044,21,3925.22001266,4045.071,0
sharing_047,21,11399.8003006,11505.719,0
sharing_055,21,2891.11995697,3058.445,0
sharing_051,21,4572.10016251,4686.774,0
sharing_037,21,9203.16028595,9311.527,0
sharing_001,21,6726.05991364,6864.025,0
sharing_017,21,488.499999046,585.303,0
sharing_054,21,2898.18000793,3004.405,0
sharing_006,21,11395.4601288,11503.489,0
sharing_011,21,4230.89981079,4326.462,0
sharing_007,21,11395.5202103,11501.758,0
sharing_005,21,1731.84001446,1828.129,0
sharing_029,21,130.199998617,221.891,0
sharing_009,21,1733.36005211,1830.78,0
sharing_062,21,1512.87996769,1611.278,0
sharing_039,21,45352.8213501,45491.32,0
sharing_032,21,26688.7207031,26825.856,0
sharing_053,21,997.979998589,1120.446,0
sharing_034,21,72272.3007202,72425.047,0
sharing_060,21,1239.01998997,1361.417,0
sharing_008,21,1731.92000389,1834.219,0
sharing_014,21,2901.09992027,2994.135,0
sharing_046,21,11396.4996338,11495.678,0
sharing_020,21,224.240005016,346.762,0
sharing_030,21,436.219990253,534.483,0
sharing_050,21,4667.01984406,4780.674,0
sharing_023,21,778.63997221,895.425,0
sharing_052,21,1484.85994339,1582.568,0
sharing_004,22,1827.78000832,1929.429,0
sharing_038,22,45376.3389587,45483.32,0
sharing_059,22,2315.39988518,2428.892,0
sharing_053,22,1037.14001179,1138.756,0
sharing_002,22,16957.1609497,17056.626,0
sharing_018,22,1125.2399683,1211.976,0
sharing_024,22,284.859985113,369.692,0
sharing_025,22,283.639997244,366.352,0
sharing_045,22,2955.39999008,3049.396,0
sharing_001,22,6720.01981735,6831.305,0
sharing_040,22,6720.58010101,6824.385,0
sharing_039,22,45359.0583801,45484.47,0
sharing_063,22,1497.14004993,1596.658,0
sharing_019,22,1104.87997532,1220.476,0
sharing_021,22,203.559994698,291.781,0
sharing_020,22,221.699997783,306.271,0
sharing_042,22,18204.3209076,18293.493,0
sharing_044,22,3939.12005424,4045.271,0
sharing_062,22,1514.32001591,1602.068,0
sharing_011,22,4275.19989014,4370.402,0
sharing_031,22,432.319998741,513.512,0
sharing_033,22,26692.4591064,26808.926,0
sharing_043,22,17820.7206726,18012.351,0
sharing_041,22,6722.219944,6843.485,0
sharing_058,22,2462.59999275,2575.923,0
sharing_017,22,490.520000458,592.523,0
sharing_032,22,26697.2007751,26790.546,0
sharing_009,22,1734.68005657,1842.459,0
sharing_010,22,4264.63985443,4357.182,0
sharing_006,22,11395.9598541,11480.179,0
sharing_022,22,783.420026302,867.684,0
sharing_005,22,1746.34003639,1834.739,0
sharing_057,22,1067.1800375,1162.386,0
sharing_046,22,11384.5596313,11517.758,0
sharing_000,22,6704.80012894,6820.055,0
sharing_027,22,587.960004807,686.914,0
sharing_003,22,16704.3209076,16827.116,0
sharing_056,22,1436.28001213,1551.138,0
sharing_061,22,881.739974022,1001.795,0
sharing_036,22,9212.7199173,9335.087,0
sharing_029,22,174.57999289,293.612,0
sharing_054,22,2886.17992401,3001.135,0
sharing_050,22,4671.50020599,4797.105,0
sharing_034,22,72182.9376221,72324.457,0
sharing_052,22,1398.46003056,1533.707,0
sharing_026,22,603.600025177,732.144,0
sharing_015,22,2902.65989304,2996.005,0
sharing_008,22,1738.0399704,1826.869,0
sharing_035,22,71834.777832,71991.645,0
sharing_060,22,1245.20003796,1365.207,0
sharing_023,22,778.360009193,875.214,0
sharing_047,22,11397.8004456,11492.678,0
sharing_012,22,592.199981213,716.833,0
sharing_016,22,468.160003424,576.693,0
sharing_055,22,2910.02011299,3001.025,0
sharing_014,22,2895.65992355,2990.055,0
sharing_013,22,555.260002613,640.073,0
sharing_030,22,435.660004616,532.413,0
sharing_037,22,9125.18024445,9212.567,0
sharing_028,22,213.200002909,315.821,0
sharing_048,22,1906.5400362,1985.51,0
sharing_007,22,11387.2203827,11487.699,0
sharing_049,22,1743.05999279,1832.02,0
sharing_051,22,4587.94021606,4754.954,0
sharing_062,23,1517.71998405,1633.928,0
sharing_029,23,165.920004249,279.072,0
sharing_052,23,1491.45996571,1603.269,0
sharing_056,23,1471.89998627,1585.208,0
sharing_043,23,17833.4197998,17956.601,0
sharing_005,23,1799.41999912,1910.57,0
sharing_006,23,11350.7995605,11467.329,0
sharing_003,23,16714.6606445,16820.025,0
sharing_059,23,2304.32009697,2408.462,0
sharing_046,23,11379.2600632,11518.818,0
sharing_057,23,1059.78000164,1204.906,0
sharing_012,23,635.219991207,747.703,0
sharing_045,23,2979.7399044,3123.686,0
sharing_035,23,72112.9608154,72241.826,0
sharing_053,23,1009.739995,1127.186,0
sharing_051,23,4582.64017105,4697.374,0
sharing_025,23,286.220014095,395.342,0
sharing_047,23,11377.0198822,11486.699,0
sharing_011,23,4290.84014893,4393.042,0
sharing_020,23,218.119993806,307.501,0
sharing_027,23,579.50001955,675.304,0
sharing_024,23,272.339999676,364.322,0
sharing_026,23,575.439989567,663.073,0
sharing_031,23,422.360002995,529.022,0
sharing_023,23,761.720001698,849.524,0
sharing_016,23,477.400004864,559.502,0
sharing_001,23,6702.66008377,6798.465,0
sharing_054,23,2883.30006599,2997.105,0
sharing_060,23,1337.44001389,1437.668,0
sharing_028,23,158.079996705,268.512,0
sharing_014,23,2869.83990669,3015.765,0
sharing_010,23,4210.29996872,4311.922,0
sharing_040,23,6706.3999176,6824.105,0
sharing_039,23,45354.9194336,45476.691,0
sharing_013,23,617.68001318,729.664,0
sharing_041,23,6713.94014359,6813.405,0
sharing_055,23,2895.24006844,2990.435,0
sharing_037,23,9248.97956848,9356.757,0
sharing_030,23,426.880002022,537.383,0
sharing_004,23,1720.42000294,1812.029,0
sharing_002,23,16705.6999207,16866.755,0
sharing_036,23,9075.92010498,9234.017,0
sharing_034,23,72347.2595215,72541.287,0
sharing_063,23,1474.77996349,1592.268,0
sharing_038,23,45364.6202087,45502.371,0
sharing_048,23,1891.10004902,2019.62,0
sharing_018,23,1131.11996651,1242.316,0
sharing_008,23,1744.2599535,1854.999,0
sharing_058,23,2450.5200386,2551.413,0
sharing_022,23,769.980013371,879.764,0
sharing_033,23,26678.5392761,26798.556,0
sharing_061,23,786.279976368,933.515,0
sharing_032,23,26683.3400726,26822.556,0
sharing_050,23,4667.0999527,4783.314,0
sharing_049,23,1726.92000866,1846.209,0
sharing_000,23,6714.39981461,6836.485,0
sharing_007,23,11383.0404282,11495.898,0
sharing_009,23,1721.77994251,1858.35,0
sharing_044,23,3902.12011337,3990.24,0
sharing_042,23,18207.0808411,18319.833,0
sharing_021,23,202.319994569,327.461,0
sharing_019,23,1100.41999817,1190.376,0
sharing_015,23,2888.09990883,2985.675,0
sharing_017,23,478.219985962,589.233,0
sharing_052,24,1427.60002613,1518.708,0
sharing_061,24,858.219981194,975.415,0
sharing_035,24,71972.1603394,72130.156,0
sharing_029,24,153.060004115,281.322,0
sharing_027,24,588.119983673,690.094,0
sharing_060,24,1268.62001419,1368.996,0
sharing_001,24,6706.14004135,6814.805,0
sharing_046,24,11377.9401779,11489.728,0
sharing_007,24,11389.7199631,11513.808,0
sharing_021,24,175.479993224,320.691,0
sharing_039,24,45374.458313,45527.131,0
sharing_038,24,45363.2011414,45534.111,0
sharing_044,24,3890.66004753,4046.841,0
sharing_028,24,181.180000305,304.181,0
sharing_059,24,2318.21990013,2437.422,0
sharing_057,24,1103.21998596,1235.376,0
sharing_025,24,288.679987192,394.552,0
sharing_050,24,4663.42020035,4765.894,0
sharing_031,24,433.380007744,584.963,0
sharing_014,24,2898.06008339,3011.065,0
sharing_003,24,16703.9203644,16836.345,0
sharing_013,24,577.099978924,701.314,0
sharing_008,24,1719.2800045,1835.37,0
sharing_062,24,1498.23999405,1597.208,0
sharing_053,24,1029.76000309,1137.906,0
sharing_042,24,18208.9996338,18325.783,0
sharing_011,24,4284.39998627,4401.742,0
sharing_030,24,419.400006533,512.312,0
sharing_041,24,6732.1600914,6833.444,0
sharing_017,24,475.14000535,582.513,0
sharing_019,24,1099.25997257,1198.456,0
sharing_054,24,2891.02005959,2981.955,0
sharing_043,24,17834.0396881,17953.921,0
sharing_015,24,2891.81995392,3000.186,0
sharing_051,24,4514.03999329,4644.644,0
sharing_024,24,279.940009117,423.682,0
sharing_004,24,1711.82000637,1841.939,0
sharing_049,24,1734.59994793,1836.989,0
sharing_034,24,72022.3388672,72157.006,0
sharing_010,24,4302.00004578,4422.632,0
sharing_020,24,191.780000925,288.902,0
sharing_023,24,767.679989338,864.434,0
sharing_032,24,26688.8008118,26809.606,0
sharing_022,24,761.319994926,867.305,0
sharing_006,24,11381.7996979,11475.318,0
sharing_000,24,6740.13996124,6827.044,0
sharing_012,24,565.259993076,653.153,0
sharing_002,24,16717.7391052,16855.946,0
sharing_055,24,2905.69996834,3004.645,0
sharing_056,24,1534.60001945,1645.798,0
sharing_009,24,1767.53997803,1884.1,0
sharing_016,24,469.839990139,579.822,0
sharing_005,24,1727.98001766,1831.389,0
sharing_026,24,603.5400033,726.764,0
sharing_018,24,1084.56003666,1207.117,0
sharing_058,24,2457.45992661,2546.313,0
sharing_047,24,11397.5601196,11507.869,0
sharing_033,24,26685.300827,26825.146,0
sharing_036,24,9309.24034119,9415.167,0
sharing_037,24,9268.71967316,9366.277,0
sharing_048,24,1906.83996677,2023.31,0
sharing_063,24,1489.38000202,1593.538,0
sharing_045,24,2848.25992584,2959.275,0
sharing_040,24,6736.82022095,6855.405,0
sharing_055,25,2897.84002304,3021.645,0
sharing_052,25,1544.91996765,1653.438,0
sharing_039,25,45377.040863,45514.15,0
sharing_049,25,1731.78005219,1874.49,0
sharing_044,25,3919.71993446,4034.09,0
sharing_058,25,2471.76003456,2577.993,0
sharing_003,25,16930.9005737,17049.106,0
sharing_016,25,470.640003681,568.703,0
sharing_015,25,2894.74010468,2986.136,0
sharing_000,25,6727.81991959,6823.955,0
sharing_023,25,756.479978561,849.284,0
sharing_027,25,609.480023384,701.204,0
sharing_004,25,1711.7600441,1808.499,0
sharing_035,25,72028.7399292,72142.546,0
sharing_051,25,4509.28020477,4655.894,0
sharing_032,25,26664.9608612,26822.626,0
sharing_036,25,9226.88007355,9366.968,0
sharing_008,25,1714.98000622,1847.83,0
sharing_019,25,1083.84001255,1206.076,0
sharing_011,25,4217.40007401,4345.102,0
sharing_001,25,6690.15979767,6837.975,0
sharing_012,25,545.019984245,671.573,0
sharing_028,25,123.319998384,245.072,0
sharing_030,25,420.120000839,529.203,0
sharing_053,25,1006.44004345,1115.456,0
sharing_063,25,1526.65996552,1659.638,0
sharing_007,25,11410.9401703,11533.518,0
sharing_056,25,1493.55995655,1594.198,0
sharing_024,25,295.859992504,405.592,0
sharing_050,25,4664.539814,4767.964,0
sharing_009,25,1713.61994743,1833.689,0
sharing_031,25,436.219990253,543.163,0
sharing_029,25,153.139993548,254.632,0
sharing_021,25,203.999996185,298.691,0
sharing_042,25,18194.8604584,18303.603,0
sharing_037,25,9244.68040466,9373.108,0
sharing_059,25,2340.60001373,2456.643,0
sharing_005,25,1849.66003895,1969.09,0
sharing_046,25,11401.7801285,11507.258,0
sharing_020,25,228.839993477,348.951,0
sharing_025,25,280.620008707,378.812,0
sharing_038,25,45374.5803833,45474.53,0
sharing_018,25,1145.33996582,1259.486,0
sharing_013,25,561.439990997,679.683,0
sharing_034,25,72026.9165039,72139.846,0
sharing_026,25,622.479975224,756.914,0
sharing_045,25,3014.94002342,3126.896,0
sharing_017,25,496.699988842,613.333,0
sharing_048,25,1921.04005814,2028.34,0
sharing_043,25,17835.100174,17968.881,0
sharing_040,25,6723.279953,6847.064,0
sharing_061,25,828.980028629,927.534,0
sharing_022,25,783.240020275,891.595,0
sharing_062,25,1517.76003838,1655.968,0
sharing_047,25,11391.699791,11513.938,0
sharing_006,25,11388.4000778,11515.449,0
sharing_060,25,1313.4200573,1414.017,0
sharing_054,25,2899.64008331,3020.355,0
sharing_057,25,1073.4000206,1194.936,0
sharing_002,25,16961.1206055,17100.516,0
sharing_041,25,6721.79985046,6833.185,0
sharing_033,25,26699.8596191,26846.236,0
sharing_010,25,4319.62013245,4449.333,0
sharing_014,25,2926.55992508,3097.996,0
sharing_045,26,3033.85996819,3126.556,0
sharing_056,26,1494.33994293,1601.438,0
sharing_003,26,16944.1394806,17068.826,0
sharing_042,26,18205.2001953,18336.513,0
sharing_061,26,806.900024414,936.944,0
sharing_060,26,1388.75997066,1493.868,0
sharing_025,26,284.640014172,381.362,0
sharing_051,26,4548.0799675,4652.203,0
sharing_023,26,787.720024586,904.874,0
sharing_057,26,1099.66003895,1206.566,0
sharing_062,26,1525.07996559,1657.239,0
sharing_058,26,2465.44003487,2587.293,0
sharing_050,26,4624.08018112,4771.534,0
sharing_001,26,6708.87994766,6837.135,0
sharing_030,26,428.93999815,536.742,0
sharing_010,26,4229.78019714,4339.312,0
sharing_040,26,6728.32012177,6828.385,0
sharing_004,26,1830.60002327,1942.91,0
sharing_043,26,17797.0409393,17900.101,0
sharing_041,26,6720.45993805,6851.645,0
sharing_063,26,1468.63996983,1590.418,0
sharing_032,26,26708.7993622,26844.506,0
sharing_006,26,11379.1999817,11514.668,0
sharing_035,26,71937.0574951,72097.956,0
sharing_039,26,45373.8212585,45493.451,0
sharing_037,26,9344.38037872,9459.757,0
sharing_049,26,1749.81999397,1871.089,0
sharing_017,26,493.959993124,608.543,0
sharing_007,26,11396.8601227,11488.588,0
sharing_031,26,435.88000536,529.073,0
sharing_052,26,1494.6000576,1604.358,0
sharing_018,26,1150.84004402,1254.576,0
sharing_000,26,6728.68013382,6842.784,0
sharing_014,26,2903.87988091,2998.475,0
sharing_013,26,561.339974403,653.713,0
sharing_033,26,26719.0799713,26821.526,0
sharing_038,26,45366.519928,45490.97,0
sharing_027,26,602.43999958,713.523,0
sharing_026,26,597.800016403,699.554,0
sharing_046,26,11389.5196915,11501.278,0
sharing_029,26,152.419999242,283.121,0
sharing_054,26,2927.81996727,3031.706,0
sharing_011,26,4271.29983902,4392.233,0
sharing_021,26,214.479997754,314.041,0
sharing_020,26,225.099995732,314.211,0
sharing_044,26,3936.52009964,4031.521,0
sharing_022,26,811.739981174,973.565,0
sharing_002,26,16715.8794403,16822.195,0
sharing_028,26,135.100007057,243.172,0
sharing_008,26,1717.83995628,1825.089,0
sharing_024,26,273.24000001,364.922,0
sharing_055,26,2903.68008614,2996.915,0
sharing_048,26,1935.17994881,2059.73,0
sharing_047,26,11400.1398087,11519.618,0
sharing_036,26,9164.48020935,9282.857,0
sharing_053,26,1039.47997093,1151.056,0
sharing_005,26,1827.52001286,1959.46,0
sharing_012,26,559.119999409,671.274,0
sharing_059,26,2355.95989227,2462.632,0
sharing_009,26,1737.72001266,1848.17,0
sharing_019,26,1110.26000977,1205.366,0
sharing_016,26,485.320001841,573.863,0
sharing_034,26,71711.4562988,71824.684,0
sharing_015,26,2897.25995064,3018.855,0
sharing_055,27,2883.30006599,2997.196,0
sharing_056,27,1533.05995464,1640.458,0
sharing_060,27,1367.4800396,1467.878,0
sharing_002,27,16966.4802551,17083.617,0
sharing_009,27,1721.33994102,1838.98,0
sharing_004,27,1728.32000256,1824.04,0
sharing_020,27,194.560006261,301.002,0
sharing_051,27,4536.94009781,4649.134,0
sharing_016,27,475.039988756,587.413,0
sharing_061,27,840.099990368,937.214,0
sharing_058,27,2469.09999847,2576.393,0
sharing_054,27,2909.08002853,3023.516,0
sharing_015,27,2883.75997543,3015.365,0
sharing_028,27,151.639997959,237.461,0
sharing_035,27,72016.1209106,72125.376,0
sharing_019,27,1130.10001183,1257.536,0
sharing_030,27,432.980000973,519.483,0
sharing_014,27,2901.63993835,3004.155,0
sharing_040,27,6730.44013977,6830.215,0
sharing_033,27,26691.6007996,26828.976,0
sharing_037,27,9238.75999451,9375.727,0
sharing_031,27,430.020004511,551.353,0
sharing_032,27,26701.6201019,26817.096,0
sharing_052,27,1415.3200388,1558.258,0
sharing_018,27,1128.13997269,1236.547,0
sharing_059,27,2320.82009315,2415.072,0
sharing_045,27,2850.7399559,2961.015,0
sharing_049,27,1734.76004601,1856.939,0
sharing_010,27,4269.08016205,4395.922,0
sharing_001,27,6708.2400322,6820.064,0
sharing_007,27,11377.5596619,11480.708,0
sharing_043,27,17750.2593994,17864.921,0
sharing_063,27,1478.86002064,1595.418,0
sharing_046,27,11392.0202255,11503.649,0
sharing_038,27,45357.79953,45507.98,0
sharing_011,27,4312.75987625,4430.752,0
sharing_047,27,11385.1604462,11513.178,0
sharing_053,27,1009.58001614,1122.516,0
sharing_006,27,11390.3598785,11500.369,0
sharing_034,27,71881.9580078,72016.375,0
sharing_005,27,1905.7199955,2018.75,0
sharing_023,27,782.100021839,877.994,0
sharing_017,27,490.539997816,590.763,0
sharing_024,27,276.459991932,362.852,0
sharing_042,27,18186.4395142,18282.223,0
sharing_000,27,6719.07997131,6855.125,0
sharing_062,27,1498.03996086,1637.508,0
sharing_029,27,137.960001826,252.991,0
sharing_041,27,6723.91986847,6824.655,0
sharing_026,27,585.139989853,700.853,0
sharing_027,27,592.559993267,691.533,0
sharing_013,27,568.499982357,651.783,0
sharing_012,27,557.479977608,652.303,0
sharing_050,27,4660.92014313,4777.074,0
sharing_057,27,1077.31997967,1186.566,0
sharing_048,27,1934.85999107,2046.001,0
sharing_021,27,212.280005217,325.312,0
sharing_003,27,16836.5001678,16946.356,0
sharing_022,27,774.399995804,878.445,0
sharing_044,27,3927.00004578,4009.34,0
sharing_008,27,1717.10002422,1833.379,0
sharing_039,27,45375.0991821,45480.821,0
sharing_036,27,9273.8199234,9392.297,0
sharing_025,27,276.36000514,407.652,0
sharing_015,28,2900.77996254,2988.925,0
sharing_008,28,1731.86004162,1822.92,0
sharing_056,28,1479.04002666,1589.098,0
sharing_038,28,45373.6381531,45484.58,0
sharing_053,28,1014.97995853,1146.896,0
sharing_054,28,2918.56002808,3019.515,0
sharing_063,28,1490.93997478,1616.808,0
sharing_000,28,6729.40015793,6839.875,0
sharing_047,28,11396.4395523,11487.648,0
sharing_048,28,1908.48004818,2021.15,0
sharing_007,28,11376.2998581,11547.929,0
sharing_016,28,472.299993038,583.463,0
sharing_013,28,558.480024338,676.804,0
sharing_040,28,6735.00013351,6848.135,0
sharing_061,28,810.299992561,945.245,0
sharing_052,28,1495.51999569,1598.298,0
sharing_012,28,625.840008259,730.664,0
sharing_006,28,11396.4996338,11495.708,0
sharing_058,28,2463.11998367,2555.423,0
sharing_051,28,4565.4001236,4673.734,0
sharing_017,28,489.760011435,586.133,0
sharing_001,28,6722.6600647,6810.594,0
sharing_014,28,2912.26005554,3031.575,0
sharing_035,28,71836.7004395,71946.255,0
sharing_021,28,231.260001659,331.682,0
sharing_049,28,1754.60004807,1842.01,0
sharing_030,28,420.120000839,513.623,0
sharing_050,28,4685.01996994,4769.435,0
sharing_037,28,9152.95982361,9250.797,0
sharing_039,28,45377.0217896,45499.4,0
sharing_028,28,168.459996581,296.361,0
sharing_055,28,2899.46007729,2984.515,0
sharing_036,28,9174.81994629,9286.427,0
sharing_044,28,3920.140028,4023.1,0
sharing_010,28,4375.59986115,4486.593,0
sharing_045,28,3027.40001678,3121.095,0
sharing_005,28,1806.0400486,1914.87,0
sharing_033,28,26700.5004883,26807.976,0
sharing_002,28,17033.5597992,17164.507,0
sharing_003,28,16696.2795258,16810.965,0
sharing_024,28,280.119985342,382.102,0
sharing_029,28,146.06000483,245.312,0
sharing_057,28,1047.55997658,1138.326,0
sharing_060,28,1411.85998917,1496.528,0
sharing_027,28,565.980017185,691.813,0
sharing_032,28,26704.580307,26814.846,0
sharing_022,28,793.500006199,951.705,0
sharing_019,28,1122.79999256,1226.556,0
sharing_062,28,1517.82000065,1604.868,0
sharing_042,28,18176.2599945,18284.983,0
sharing_004,28,1823.25994968,1932.07,0
sharing_026,28,589.54000473,673.523,0
sharing_011,28,4232.99980164,4320.192,0
sharing_009,28,1723.79994392,1807.809,0
sharing_034,28,72076.8203735,72182.226,0
sharing_020,28,244.359999895,371.602,0
sharing_043,28,17819.8604584,17947.831,0
sharing_031,28,390.379995108,520.202,0
sharing_018,28,1124.40001965,1252.726,0
sharing_023,28,782.679975033,887.084,0
sharing_025,28,279.379993677,382.242,0
sharing_041,28,6731.21976852,6832.635,0
sharing_059,28,2343.08004379,2461.043,0
sharing_046,28,11405.0397873,11525.818,0
sharing_001,29,6712.73994446,6851.615,0
sharing_026,29,592.220008373,695.084,0
sharing_043,29,17818.4394836,17936.171,0
sharing_057,29,1071.30002975,1198.856,0
sharing_049,29,1744.32003498,1859.019,0
sharing_042,29,18144.4206238,18309.903,0
sharing_054,29,2869.80009079,3013.055,0
sharing_003,29,16885.5209351,17062.897,0
sharing_035,29,71828.1173706,72001.755,0
sharing_007,29,11382.5597763,11513.598,0
sharing_061,29,774.999976158,873.624,0
sharing_044,29,3886.73996925,4003.68,0
sharing_053,29,1030.53998947,1152.886,0
sharing_008,29,1728.50000858,1843.159,0
sharing_019,29,1124.16005135,1215.106,0
sharing_004,29,1731.4800024,1832.669,0
sharing_045,29,2984.1799736,3070.415,0
sharing_022,29,779.139995575,898.355,0
sharing_056,29,1479.58004475,1571.108,0
sharing_040,29,6734.73978043,6844.425,0
sharing_030,29,422.41999507,538.873,0
sharing_063,29,1465.78001976,1603.798,0
sharing_009,29,1733.00004005,1861.32,0
sharing_027,29,593.599975109,687.873,0
sharing_005,29,1823.09997082,1913.02,0
sharing_039,29,45380.3787231,45490.72,0
sharing_037,29,9287.46032715,9405.548,0
sharing_023,29,783.079981804,903.185,0
sharing_025,29,290.899991989,394.272,0
sharing_041,29,6731.78005219,6829.075,0
sharing_012,29,611.760020256,712.444,0
sharing_062,29,1515.7200098,1601.028,0
sharing_014,29,2904.86001968,3010.635,0
sharing_058,29,2469.50006485,2551.083,0
sharing_024,29,284.060001373,395.082,0
sharing_055,29,2903.01990509,3000.635,0
sharing_006,29,11398.5996246,11501.018,0
sharing_033,29,26690.9008026,26796.536,0
sharing_046,29,11393.5604095,11509.068,0
sharing_047,29,11400.3400803,11505.239,0
sharing_017,29,485.399991274,603.453,0
sharing_010,29,4253.94010544,4368.122,0
sharing_011,29,4224.63989258,4359.983,0
sharing_020,29,234.09999907,334.292,0
sharing_038,29,45380.1803589,45515.311,0
sharing_028,29,215.499997139,315.891,0
sharing_051,29,4554.12006378,4651.693,0
sharing_029,29,150.460004807,256.491,0
sharing_013,29,577.560007572,660.114,0
sharing_000,29,6730.34000397,6819.624,0
sharing_002,29,16721.5995789,16812.475,0
sharing_060,29,1300.79996586,1399.027,0
sharing_036,29,9129.75978851,9238.547,0
sharing_050,29,4664.70003128,4767.595,0
sharing_021,29,197.659999132,304.032,0
sharing_034,29,72084.8388672,72204.557,0
sharing_031,29,416.740000248,525.343,0
sharing_052,29,1425.45998096,1518.797,0
sharing_059,29,2346.44007683,2462.042,0
sharing_016,29,493.539988995,604.693,0
sharing_018,29,1109.84003544,1200.136,0
sharing_015,29,2907.56011009,3003.605,0
sharing_048,29,1913.48004341,2009.42,0
sharing_032,29,26691.2002563,26811.256,0
