case,method,seed,makespan,logical_calls,new_calls,elapsed_seconds,timeouts,stop_reason,winner_plan
case_064,portfolio,17,16370,12,0,0.21030287502799183,0,budget_or_pool_exhausted,/Users/liyu/Desktop/中文题目/A题研究/advanced_solver/runs/formal_v2/evaluations/attempts/20260925T104618-60e12139e5d140518971f61cbca0ade0/plan.json
case_015,portfolio,17,43411,8,0,0.42534908396191895,0,budget_or_pool_exhausted,/Users/liyu/Desktop/中文题目/A题研究/advanced_solver/runs/formal_v2/evaluations/attempts/20260925T104618-de5ccd08fa664d45ba5bb4db0b6146dc/plan.json
case_050,hybrid,42,77776,11,0,0.9242877500364557,0,budget_or_pool_exhausted,/Users/liyu/Desktop/中文题目/A题研究/advanced_solver/runs/formal_v2/evaluations/attempts/20260925T104619-1ceef5f658ab421f900fcdcd0894a964/plan.json
case_086,adaptive,73,95806,12,0,0.5201202080352232,0,budget_or_pool_exhausted,/Users/liyu/Desktop/中文题目/A题研究/advanced_solver/runs/formal_v2/evaluations/attempts/20260925T104620-664256d3f0db4b3580c9a9a21dafd23d/plan.json
case_038,portfolio,17,276281,5,0,1.8208042921032757,0,budget_or_pool_exhausted,/Users/liyu/Desktop/中文题目/A题研究/advanced_solver/runs/formal_v2/evaluations/attempts/20260925T104620-ac9ec92753ce4348a825c9795a241ded/plan.json
case_017,hybrid,42,35496,6,0,0.2768274999689311,0,budget_or_pool_exhausted,/Users/liyu/Desktop/中文题目/A题研究/advanced_solver/runs/formal_v2/evaluations/attempts/20260925T104620-6a0cdd38ba264c8d82c2afba2c208416/plan.json
case_086,adaptive,42,95806,12,0,0.5011858750367537,0,budget_or_pool_exhausted,/Users/liyu/Desktop/中文题目/A题研究/advanced_solver/runs/formal_v2/evaluations/attempts/20260925T104620-7cd2ef30eec944e2b305e098b19573a3/plan.json
case_015,portfolio,42,43411,8,0,0.4078343330183998,0,budget_or_pool_exhausted,/Users/liyu/Desktop/中文题目/A题研究/advanced_solver/runs/formal_v2/evaluations/attempts/20260925T104620-7a9ad2f6831d4683987067b3d12d880e/plan.json
case_018,portfolio,73,205917,8,0,0.8547124169999734,0,budget_or_pool_exhausted,/Users/liyu/Desktop/中文题目/A题研究/advanced_solver/runs/formal_v2/evaluations/attempts/20260925T104621-4f3f107c4f8949258c4b4f5398f6f15b/plan.json
case_002,portfolio,17,78244,12,2,1.0491865839576349,0,budget_or_pool_exhausted,/Users/liyu/Desktop/中文题目/A题研究/advanced_solver/runs/formal_v2/evaluations/attempts/20260925T104621-afbb1c32d0834d2c95d2fe16b642232e/plan.json
case_064,hybrid,42,16463,12,0,0.1391430830117315,0,budget_or_pool_exhausted,/Users/liyu/Desktop/中文题目/A题研究/advanced_solver/runs/formal_v2/evaluations/attempts/20260925T104622-5928930c21d34a5994a3a2707c81f0c2/plan.json
case_015,portfolio,73,43411,8,0,0.41371108300518245,0,budget_or_pool_exhausted,/Users/liyu/Desktop/中文题目/A题研究/advanced_solver/runs/formal_v2/evaluations/attempts/20260925T104622-f51a60521e634faf8faf6fd54e44ed80/plan.json
case_093,adaptive,73,15876,2,0,0.10028237500227988,0,budget_or_pool_exhausted,/Users/liyu/Desktop/中文题目/A题研究/advanced_solver/runs/formal_v2/evaluations/attempts/20260925T104622-9feb143f053849b49428967f5b8a34db/plan.json
case_042,adaptive,73,351786,4,0,0.7676696251146495,0,budget_or_pool_exhausted,/Users/liyu/Desktop/中文题目/A题研究/advanced_solver/runs/formal_v2/evaluations/attempts/20260925T104623-5657266b71554e38ba74dfe04e7d8391/plan.json
case_050,adaptive,42,78548,8,0,0.7371394999790937,0,budget_or_pool_exhausted,/Users/liyu/Desktop/中文题目/A题研究/advanced_solver/runs/formal_v2/evaluations/attempts/20260925T104624-6148c36a789a4292b0325c2bfc6f2e1c/plan.json
case_068,portfolio,73,268666,12,2,2.5300106670474634,0,budget_or_pool_exhausted,/Users/liyu/Desktop/中文题目/A题研究/advanced_solver/runs/formal_v2/evaluations/attempts/20260925T104622-37c91bd10f624fd78c21d2d7acafad8f/plan.json
case_015,hybrid,42,43411,12,0,0.25799804204143584,0,budget_or_pool_exhausted,/Users/liyu/Desktop/中文题目/A题研究/advanced_solver/runs/formal_v2/evaluations/attempts/20260925T104624-429e8c253d804f97a071ce1ac6c6f0c6/plan.json
case_048,hybrid,17,222220,12,0,0.2276826249435544,0,budget_or_pool_exhausted,/Users/liyu/Desktop/中文题目/A题研究/advanced_solver/runs/formal_v2/evaluations/attempts/20260925T104624-ff6b8db6631949cf86a0e3bc940da821/plan.json
case_027,hybrid,17,558753,7,0,0.39798387489281595,0,budget_or_pool_exhausted,/Users/liyu/Desktop/中文题目/A题研究/advanced_solver/runs/formal_v2/evaluations/attempts/20260925T104625-647a2b57ce584a8baeacaa275e423651/plan.json
case_042,hybrid,42,342220,10,0,0.933731957920827,0,budget_or_pool_exhausted,/Users/liyu/Desktop/中文题目/A题研究/advanced_solver/runs/formal_v2/evaluations/attempts/20260925T104626-64e080c6739942f0af24dea715b1f9c3/plan.json
case_066,hybrid,17,199671,12,0,1.0309147910447791,0,budget_or_pool_exhausted,/Users/liyu/Desktop/中文题目/A题研究/advanced_solver/runs/formal_v2/evaluations/attempts/20260925T104627-e8909222215f4fdcbfea47457a33cde2/plan.json
case_093,hybrid,42,15876,3,0,0.12550420803017914,0,budget_or_pool_exhausted,/Users/liyu/Desktop/中文题目/A题研究/advanced_solver/runs/formal_v2/evaluations/attempts/20260925T104627-f2b43489d2d54d4780aed4e389ecc990/plan.json
case_018,portfolio,17,205917,8,0,0.8631252500927076,0,budget_or_pool_exhausted,/Users/liyu/Desktop/中文题目/A题研究/advanced_solver/runs/formal_v2/evaluations/attempts/20260925T104627-3cb42e149a934ea1900c793b5d50f379/plan.json
case_018,adaptive,42,205917,5,0,0.49258533399552107,0,budget_or_pool_exhausted,/Users/liyu/Desktop/中文题目/A题研究/advanced_solver/runs/formal_v2/evaluations/attempts/20260925T104628-3b14d42ee400443c9e92b58100060b40/plan.json
case_027,adaptive,42,558753,6,0,0.3468726659193635,0,budget_or_pool_exhausted,/Users/liyu/Desktop/中文题目/A题研究/advanced_solver/runs/formal_v2/evaluations/attempts/20260925T104629-1ff3730de4424f3a8d4f9b07aa3b49ab/plan.json
case_066,adaptive,17,205062,12,0,0.8828732089605182,0,budget_or_pool_exhausted,/Users/liyu/Desktop/中文题目/A题研究/advanced_solver/runs/formal_v2/evaluations/attempts/20260925T104629-30a2668741ba48709212c80baa3f30c4/plan.json
case_064,portfolio,42,16463,12,0,0.19445404200814664,0,budget_or_pool_exhausted,/Users/liyu/Desktop/中文题目/A题研究/advanced_solver/runs/formal_v2/evaluations/attempts/20260925T104630-2a3242c8d330419e9fb7c7679540ccf6/plan.json
case_050,adaptive,73,78548,9,0,0.7383942920714617,0,budget_or_pool_exhausted,/Users/liyu/Desktop/中文题目/A题研究/advanced_solver/runs/formal_v2/evaluations/attempts/20260925T104630-b634f75c57594ccdbf2b44ece8da13a9/plan.json
case_037,hybrid,73,43013,8,0,0.21445770794525743,0,budget_or_pool_exhausted,/Users/liyu/Desktop/中文题目/A题研究/advanced_solver/runs/formal_v2/evaluations/attempts/20260925T104631-f1ec558bfd5049698d5aac6fd76e6c3c/plan.json
case_074,portfolio,42,332448,8,0,1.1052874169545248,0,budget_or_pool_exhausted,/Users/liyu/Desktop/中文题目/A题研究/advanced_solver/runs/formal_v2/evaluations/attempts/20260925T104632-25d99369859a4a4299edf0b6a0cbc644/plan.json
case_086,portfolio,73,95806,12,3,3.801721249939874,0,budget_or_pool_exhausted,/Users/liyu/Desktop/中文题目/A题研究/advanced_solver/runs/formal_v2/evaluations/attempts/20260925T104632-f51609d59bd440a1a3e826fc19789d00/plan.json
case_026,hybrid,42,41665,12,0,0.16937633301131427,0,budget_or_pool_exhausted,/Users/liyu/Desktop/中文题目/A题研究/advanced_solver/runs/formal_v2/evaluations/attempts/20260925T104636-3c6ed26139584f93ade4d9caf35006a4/plan.json
case_023,adaptive,17,24268,2,0,0.17153916705865413,0,budget_or_pool_exhausted,/Users/liyu/Desktop/中文题目/A题研究/advanced_solver/runs/formal_v2/evaluations/attempts/20260925T104636-5500a12b799943f3ba57a8a97b6f352a/plan.json
case_024,portfolio,73,1095114,12,6,13.079644666984677,0,budget_or_pool_exhausted,/Users/liyu/Desktop/中文题目/A题研究/advanced_solver/runs/formal_v2/evaluations/attempts/20260925T104630-2d7df18e3e664aadad4819b8e574b7ad/plan.json
case_009,hybrid,42,83830,12,0,0.946068917051889,0,budget_or_pool_exhausted,/Users/liyu/Desktop/中文题目/A题研究/advanced_solver/runs/formal_v2/evaluations/attempts/20260925T104637-e2eee0e4ce52426b9d0ec70e99587b8d/plan.json
case_002,adaptive,73,114925,12,0,0.27852033404633403,0,budget_or_pool_exhausted,/Users/liyu/Desktop/中文题目/A题研究/advanced_solver/runs/formal_v2/evaluations/attempts/20260925T104637-e68766d637b54486a693580e7f93aba7/plan.json
case_036,adaptive,42,187182,5,0,0.4522292499896139,0,budget_or_pool_exhausted,/Users/liyu/Desktop/中文题目/A题研究/advanced_solver/runs/formal_v2/evaluations/attempts/20260925T104637-734a2a8053064de6be68fc7d1afa9d73/plan.json
case_071,hybrid,73,13396,12,0,0.12298079195898026,0,budget_or_pool_exhausted,/Users/liyu/Desktop/中文题目/A题研究/advanced_solver/runs/formal_v2/evaluations/attempts/20260925T104637-ada5d00d0c0c4e77b5992d9972f9ae38/plan.json
case_081,hybrid,73,30943,7,0,0.4715194170130417,0,budget_or_pool_exhausted,/Users/liyu/Desktop/中文题目/A题研究/advanced_solver/runs/formal_v2/evaluations/attempts/20260925T104637-14aaec64b0e947919a9f1449736db174/plan.json
case_081,portfolio,73,30943,6,0,0.8339495830005035,0,budget_or_pool_exhausted,/Users/liyu/Desktop/中文题目/A题研究/advanced_solver/runs/formal_v2/evaluations/attempts/20260925T104638-a521132ad9114bf2a24ad91b31915494/plan.json
case_037,portfolio,17,43013,8,0,0.28700474998913705,0,budget_or_pool_exhausted,/Users/liyu/Desktop/中文题目/A题研究/advanced_solver/runs/formal_v2/evaluations/attempts/20260925T104639-c4fcfdbaedea440d8a4d7a41d7e8db27/plan.json
case_037,portfolio,73,43013,8,0,0.2792996669886634,0,budget_or_pool_exhausted,/Users/liyu/Desktop/中文题目/A题研究/advanced_solver/runs/formal_v2/evaluations/attempts/20260925T104639-31200bd2b0f043a59f62f0334c32b278/plan.json
case_071,hybrid,17,13396,12,0,0.12731741601601243,0,budget_or_pool_exhausted,/Users/liyu/Desktop/中文题目/A题研究/advanced_solver/runs/formal_v2/evaluations/attempts/20260925T104639-02ebc9545b164312af99e9ba0011356e/plan.json
case_038,portfolio,73,278976,6,0,1.934148250031285,0,budget_or_pool_exhausted,/Users/liyu/Desktop/中文题目/A题研究/advanced_solver/runs/formal_v2/evaluations/attempts/20260925T104639-632135cfe30c4668b2e22c61f15e24e6/plan.json
case_100,portfolio,42,57811,12,2,0.9006337500177324,0,budget_or_pool_exhausted,/Users/liyu/Desktop/中文题目/A题研究/advanced_solver/runs/formal_v2/evaluations/attempts/20260925T104640-8f2c7b79835f4bcaa633972baf12020b/plan.json
case_009,adaptive,42,83830,12,0,0.8090637919958681,0,budget_or_pool_exhausted,/Users/liyu/Desktop/中文题目/A题研究/advanced_solver/runs/formal_v2/evaluations/attempts/20260925T104640-579907bff4784854abd1ed9878667091/plan.json
case_071,adaptive,73,13396,12,0,0.1044712079456076,0,budget_or_pool_exhausted,/Users/liyu/Desktop/中文题目/A题研究/advanced_solver/runs/formal_v2/evaluations/attempts/20260925T104640-c60007c8d09b4719b0fdbf51c928679f/plan.json
case_038,adaptive,42,282242,4,0,0.9933230830356479,0,budget_or_pool_exhausted,/Users/liyu/Desktop/中文题目/A题研究/advanced_solver/runs/formal_v2/evaluations/attempts/20260925T104641-df62bd156a334c0aa1812c819b8a2baf/plan.json
case_038,portfolio,42,276053,6,0,1.9547238330123946,0,budget_or_pool_exhausted,/Users/liyu/Desktop/中文题目/A题研究/advanced_solver/runs/formal_v2/evaluations/attempts/20260925T104643-b7ee028b7e1246bca81864fa4ef3241a/plan.json
case_081,portfolio,42,30943,6,0,0.8080044590169564,0,budget_or_pool_exhausted,/Users/liyu/Desktop/中文题目/A题研究/advanced_solver/runs/formal_v2/evaluations/attempts/20260925T104643-fd5e75eaa02746c1bb5db12494f3c1d1/plan.json
case_066,portfolio,42,199028,12,1,4.0340587919345126,0,budget_or_pool_exhausted,/Users/liyu/Desktop/中文题目/A题研究/advanced_solver/runs/formal_v2/evaluations/attempts/20260925T104644-9b847805a72d4a22ba8ac63d74ea6bfa/plan.json
case_093,portfolio,17,15876,3,0,0.19215208303648978,0,budget_or_pool_exhausted,/Users/liyu/Desktop/中文题目/A题研究/advanced_solver/runs/formal_v2/evaluations/attempts/20260925T104644-6a7dcf3cee21437ebecd820da0869710/plan.json
case_064,adaptive,17,16469,12,0,0.11650016601197422,0,budget_or_pool_exhausted,/Users/liyu/Desktop/中文题目/A题研究/advanced_solver/runs/formal_v2/evaluations/attempts/20260925T104645-680d78a86ced414488d117b622021223/plan.json
case_086,hybrid,42,95409,12,0,0.662925791926682,0,budget_or_pool_exhausted,/Users/liyu/Desktop/中文题目/A题研究/advanced_solver/runs/formal_v2/evaluations/attempts/20260925T104645-d584c91c6c694c89a2d5e71eb20d664b/plan.json
case_018,portfolio,42,205917,8,0,0.9744982079137117,0,budget_or_pool_exhausted,/Users/liyu/Desktop/中文题目/A题研究/advanced_solver/runs/formal_v2/evaluations/attempts/20260925T104645-2d924977dcde46af91fb07996d14f441/plan.json
case_009,portfolio,17,83830,12,0,1.4801908750087023,0,budget_or_pool_exhausted,/Users/liyu/Desktop/中文题目/A题研究/advanced_solver/runs/formal_v2/evaluations/attempts/20260925T104645-8e893d43fec74da29ac03665f63ef716/plan.json
case_018,hybrid,17,205917,8,0,0.6161527090007439,0,budget_or_pool_exhausted,/Users/liyu/Desktop/中文题目/A题研究/advanced_solver/runs/formal_v2/evaluations/attempts/20260925T104646-f36f264f5f034af8a001d845e78072d5/plan.json
case_050,portfolio,17,77776,12,0,1.2663183329859748,0,budget_or_pool_exhausted,/Users/liyu/Desktop/中文题目/A题研究/advanced_solver/runs/formal_v2/evaluations/attempts/20260925T104647-b37a506a8cf14d029d5bd46597da3dfc/plan.json
case_074,portfolio,17,330675,8,0,1.1571695839520544,0,budget_or_pool_exhausted,/Users/liyu/Desktop/中文题目/A题研究/advanced_solver/runs/formal_v2/evaluations/attempts/20260925T104647-0054466ecef9465785cc3b5efe62391f/plan.json
case_002,adaptive,17,114925,12,0,0.2940381249645725,0,budget_or_pool_exhausted,/Users/liyu/Desktop/中文题目/A题研究/advanced_solver/runs/formal_v2/evaluations/attempts/20260925T104648-0b1f8671611846fe8876d5407e11f73e/plan.json
case_100,hybrid,17,57811,12,0,0.29187720792833716,0,budget_or_pool_exhausted,/Users/liyu/Desktop/中文题目/A题研究/advanced_solver/runs/formal_v2/evaluations/attempts/20260925T104648-ff84585fb62144ab84fcfd81c88caecb/plan.json
case_042,hybrid,73,342220,10,0,0.9929042080184445,0,budget_or_pool_exhausted,/Users/liyu/Desktop/中文题目/A题研究/advanced_solver/runs/formal_v2/evaluations/attempts/20260925T104649-4786e33569c94539ad83d7f07a6796c8/plan.json
case_086,portfolio,17,95806,12,0,1.0586582919349894,0,budget_or_pool_exhausted,/Users/liyu/Desktop/中文题目/A题研究/advanced_solver/runs/formal_v2/evaluations/attempts/20260925T104648-456e54df37784974b41b426e775ce98c/plan.json
case_068,adaptive,42,268666,12,0,0.7803727079881355,0,budget_or_pool_exhausted,/Users/liyu/Desktop/中文题目/A题研究/advanced_solver/runs/formal_v2/evaluations/attempts/20260925T104649-310a492972e44c139ca20ef8e2604c15/plan.json
case_074,adaptive,17,333227,4,0,0.6402150420472026,0,budget_or_pool_exhausted,/Users/liyu/Desktop/中文题目/A题研究/advanced_solver/runs/formal_v2/evaluations/attempts/20260925T104649-0e0dea2b7a4c4a09a869d3442959695e/plan.json
case_048,adaptive,17,211661,12,0,0.18952804105356336,0,budget_or_pool_exhausted,/Users/liyu/Desktop/中文题目/A题研究/advanced_solver/runs/formal_v2/evaluations/attempts/20260925T104650-318f5b3e2b4c4c2fb496bf4c79a292cb/plan.json
case_023,portfolio,73,23846,5,0,0.31206945795565844,0,budget_or_pool_exhausted,/Users/liyu/Desktop/中文题目/A题研究/advanced_solver/runs/formal_v2/evaluations/attempts/20260925T104650-0baf243623684ad9882cad004db885d6/plan.json
case_027,hybrid,42,558753,7,0,0.44224129198119044,0,budget_or_pool_exhausted,/Users/liyu/Desktop/中文题目/A题研究/advanced_solver/runs/formal_v2/evaluations/attempts/20260925T104650-6ea9009c112440b79493b0001fd5ccef/plan.json
case_100,portfolio,73,57811,12,0,0.418212249991484,0,budget_or_pool_exhausted,/Users/liyu/Desktop/中文题目/A题研究/advanced_solver/runs/formal_v2/evaluations/attempts/20260925T104650-9ac73affa90f4012b2ea142d5baac369/plan.json
case_038,hybrid,17,276281,7,0,1.176501499954611,0,budget_or_pool_exhausted,/Users/liyu/Desktop/中文题目/A题研究/advanced_solver/runs/formal_v2/evaluations/attempts/20260925T104651-200e767f2baf48959665b7c942ad0611/plan.json
case_086,hybrid,17,95717,12,0,0.6868255420122296,0,budget_or_pool_exhausted,/Users/liyu/Desktop/中文题目/A题研究/advanced_solver/runs/formal_v2/evaluations/attempts/20260925T104651-5dd2f35f2a1a4fcf9cb7c4755b7201bf/plan.json
case_036,adaptive,73,187182,5,0,0.46914533304516226,0,budget_or_pool_exhausted,/Users/liyu/Desktop/中文题目/A题研究/advanced_solver/runs/formal_v2/evaluations/attempts/20260925T104651-065a416146b842729f118ec3611bc6ed/plan.json
case_036,portfolio,17,187182,6,0,0.8205607500858605,0,budget_or_pool_exhausted,/Users/liyu/Desktop/中文题目/A题研究/advanced_solver/runs/formal_v2/evaluations/attempts/20260925T104651-2300ea4ba9dd4544894cbe5b444c622c/plan.json
case_081,adaptive,17,30943,5,0,0.3492235420271754,0,budget_or_pool_exhausted,/Users/liyu/Desktop/中文题目/A题研究/advanced_solver/runs/formal_v2/evaluations/attempts/20260925T104652-1397dbe364694b72b8eea5ed0c3e3e1c/plan.json
case_064,hybrid,17,16370,12,0,0.13842233398463577,0,budget_or_pool_exhausted,/Users/liyu/Desktop/中文题目/A题研究/advanced_solver/runs/formal_v2/evaluations/attempts/20260925T104652-9233fb2500834fb4aa8ff6d613eaebea/plan.json
case_074,adaptive,73,334798,4,0,0.6520299999974668,0,budget_or_pool_exhausted,/Users/liyu/Desktop/中文题目/A题研究/advanced_solver/runs/formal_v2/evaluations/attempts/20260925T104652-c9c08d7003b7451390518a88c999070b/plan.json
case_024,adaptive,73,2555343,6,0,0.5979380840435624,0,budget_or_pool_exhausted,/Users/liyu/Desktop/中文题目/A题研究/advanced_solver/runs/formal_v2/evaluations/attempts/20260925T104652-c0985a66256d470586c2de3ecc3f8761/plan.json
case_036,hybrid,73,187182,6,0,0.5734506249427795,0,budget_or_pool_exhausted,/Users/liyu/Desktop/中文题目/A题研究/advanced_solver/runs/formal_v2/evaluations/attempts/20260925T104652-7d0e8611cf6148c29d098f655b4be8c7/plan.json
case_026,adaptive,42,41688,12,0,0.14857708394993097,0,budget_or_pool_exhausted,/Users/liyu/Desktop/中文题目/A题研究/advanced_solver/runs/formal_v2/evaluations/attempts/20260925T104653-7183e7a883ef4faba4332ee160bd25dc/plan.json
case_064,hybrid,73,16370,12,0,0.14012999995611608,0,budget_or_pool_exhausted,/Users/liyu/Desktop/中文题目/A题研究/advanced_solver/runs/formal_v2/evaluations/attempts/20260925T104653-6836776352d64d7d94ae25a3713ef942/plan.json
case_026,portfolio,73,41665,12,1,0.3577757499879226,0,budget_or_pool_exhausted,/Users/liyu/Desktop/中文题目/A题研究/advanced_solver/runs/formal_v2/evaluations/attempts/20260925T104653-a55111747d244bd09f7c26cdc44debe6/plan.json
case_036,hybrid,17,187182,6,0,0.5688932919874787,0,budget_or_pool_exhausted,/Users/liyu/Desktop/中文题目/A题研究/advanced_solver/runs/formal_v2/evaluations/attempts/20260925T104653-d8b5b4f3712d48e58cce9565ca2b6ea5/plan.json
case_066,adaptive,42,205062,12,0,0.9195592500036582,0,budget_or_pool_exhausted,/Users/liyu/Desktop/中文题目/A题研究/advanced_solver/runs/formal_v2/evaluations/attempts/20260925T104654-9c6e5fe000004b3e9ec52c7e778aa50c/plan.json
case_002,hybrid,42,114539,12,0,0.35570304200518876,0,budget_or_pool_exhausted,/Users/liyu/Desktop/中文题目/A题研究/advanced_solver/runs/formal_v2/evaluations/attempts/20260925T104654-f36a67b0cca74d15af9cdd92103a6dbc/plan.json
case_081,portfolio,17,30943,6,0,0.8214124999940395,0,budget_or_pool_exhausted,/Users/liyu/Desktop/中文题目/A题研究/advanced_solver/runs/formal_v2/evaluations/attempts/20260925T104654-25b9c07e1c9349b7b87fcec14bbe3cd3/plan.json
case_081,hybrid,17,30943,7,0,0.49366870801895857,0,budget_or_pool_exhausted,/Users/liyu/Desktop/中文题目/A题研究/advanced_solver/runs/formal_v2/evaluations/attempts/20260925T104655-a3f1504d2a1d42cc93c1b8c85cae2fbc/plan.json
case_100,portfolio,17,57811,12,0,0.4318532079923898,0,budget_or_pool_exhausted,/Users/liyu/Desktop/中文题目/A题研究/advanced_solver/runs/formal_v2/evaluations/attempts/20260925T104655-a54673f129074703a3d540d204132070/plan.json
case_037,hybrid,17,43013,8,0,0.24076387495733798,0,budget_or_pool_exhausted,/Users/liyu/Desktop/中文题目/A题研究/advanced_solver/runs/formal_v2/evaluations/attempts/20260925T104655-4b24d7b9826d4a7d9f3a86e09070bc6a/plan.json
case_027,hybrid,73,558753,7,0,0.47034970903769135,0,budget_or_pool_exhausted,/Users/liyu/Desktop/中文题目/A题研究/advanced_solver/runs/formal_v2/evaluations/attempts/20260925T104655-f3650250aa604311a0f250a54f4fc95f/plan.json
case_066,hybrid,73,200034,12,0,1.1368277500150725,0,budget_or_pool_exhausted,/Users/liyu/Desktop/中文题目/A题研究/advanced_solver/runs/formal_v2/evaluations/attempts/20260925T104656-85d26eb6ef724d96a34d6ec57327006c/plan.json
case_009,portfolio,42,83830,12,0,1.452419542009011,0,budget_or_pool_exhausted,/Users/liyu/Desktop/中文题目/A题研究/advanced_solver/runs/formal_v2/evaluations/attempts/20260925T104656-dcf7e7e8e9884da1b1b3b159399364ae/plan.json
case_024,hybrid,17,2555343,7,0,0.7751239580102265,0,budget_or_pool_exhausted,/Users/liyu/Desktop/中文题目/A题研究/advanced_solver/runs/formal_v2/evaluations/attempts/20260925T104656-770afcef06df462db72c2cdbb88efb6c/plan.json
case_071,portfolio,42,11491,12,2,0.4427924999035895,0,budget_or_pool_exhausted,/Users/liyu/Desktop/中文题目/A题研究/advanced_solver/runs/formal_v2/evaluations/attempts/20260925T104657-fe0e2fceef08449c8c8c1eec4c309525/plan.json
case_100,adaptive,17,57971,12,0,0.24104424996767193,0,budget_or_pool_exhausted,/Users/liyu/Desktop/中文题目/A题研究/advanced_solver/runs/formal_v2/evaluations/attempts/20260925T104657-67b698ac5f45460fb7a2c36aeb8c3259/plan.json
case_024,hybrid,73,2555343,7,0,0.7756340838968754,0,budget_or_pool_exhausted,/Users/liyu/Desktop/中文题目/A题研究/advanced_solver/runs/formal_v2/evaluations/attempts/20260925T104657-ac19c66b8e8d42bdabe2dac0010f5360/plan.json
case_068,adaptive,17,268666,12,0,0.7985890420386568,0,budget_or_pool_exhausted,/Users/liyu/Desktop/中文题目/A题研究/advanced_solver/runs/formal_v2/evaluations/attempts/20260925T104658-fbb8c9fcbd9946969ce17b9b6befc3f4/plan.json
case_026,hybrid,73,41665,12,0,0.170100791961886,0,budget_or_pool_exhausted,/Users/liyu/Desktop/中文题目/A题研究/advanced_solver/runs/formal_v2/evaluations/attempts/20260925T104658-3c2e2e2b37eb43f8acf93322e6dce95d/plan.json
case_015,hybrid,73,43411,12,0,0.27076779201161116,0,budget_or_pool_exhausted,/Users/liyu/Desktop/中文题目/A题研究/advanced_solver/runs/formal_v2/evaluations/attempts/20260925T104658-2fbcc9c9f28e4ea9aa1d6de5143a546c/plan.json
case_017,adaptive,73,35496,4,0,0.24981725006364286,0,budget_or_pool_exhausted,/Users/liyu/Desktop/中文题目/A题研究/advanced_solver/runs/formal_v2/evaluations/attempts/20260925T104658-403dd66a11c248879d80e3553b103594/plan.json
case_081,adaptive,73,30943,5,0,0.3516175829572603,0,budget_or_pool_exhausted,/Users/liyu/Desktop/中文题目/A题研究/advanced_solver/runs/formal_v2/evaluations/attempts/20260925T104658-f7a753f9cabf4d8fa4d2e9401d2bb47c/plan.json
case_093,adaptive,17,15876,2,0,0.1040709160733968,0,budget_or_pool_exhausted,/Users/liyu/Desktop/中文题目/A题研究/advanced_solver/runs/formal_v2/evaluations/attempts/20260925T104659-2a843202dc7043d1b145bf5b44bae42d/plan.json
case_037,adaptive,42,43013,7,0,0.19148799998220056,0,budget_or_pool_exhausted,/Users/liyu/Desktop/中文题目/A题研究/advanced_solver/runs/formal_v2/evaluations/attempts/20260925T104659-037c3165b4a843af8eeb432231b27a00/plan.json
case_026,portfolio,42,41665,12,0,0.23747004196047783,0,budget_or_pool_exhausted,/Users/liyu/Desktop/中文题目/A题研究/advanced_solver/runs/formal_v2/evaluations/attempts/20260925T104659-8f4c4eef55394e5faf8f752cf88be965/plan.json
case_036,portfolio,42,187182,6,0,0.8318952090339735,0,budget_or_pool_exhausted,/Users/liyu/Desktop/中文题目/A题研究/advanced_solver/runs/formal_v2/evaluations/attempts/20260925T104659-97d8230400894503a2683c244049eadf/plan.json
case_066,adaptive,73,205062,12,0,0.9931457500206307,0,budget_or_pool_exhausted,/Users/liyu/Desktop/中文题目/A题研究/advanced_solver/runs/formal_v2/evaluations/attempts/20260925T104700-40521dcdaeb7432090baa4ad837ec2aa/plan.json
case_023,hybrid,17,23846,5,0,0.21979075006674975,0,budget_or_pool_exhausted,/Users/liyu/Desktop/中文题目/A题研究/advanced_solver/runs/formal_v2/evaluations/attempts/20260925T104700-2b201026596340ab9cd23b8d316fb0c9/plan.json
case_074,hybrid,42,332448,8,0,0.7886334590148181,0,budget_or_pool_exhausted,/Users/liyu/Desktop/中文题目/A题研究/advanced_solver/runs/formal_v2/evaluations/attempts/20260925T104701-acd8a8fde3ac48128e17f752711abe29/plan.json
case_042,hybrid,17,342220,10,0,1.0030035830568522,0,budget_or_pool_exhausted,/Users/liyu/Desktop/中文题目/A题研究/advanced_solver/runs/formal_v2/evaluations/attempts/20260925T104701-30d477dd768d4e52844e6568b99da746/plan.json
case_048,hybrid,42,222220,12,0,0.2375091250287369,0,budget_or_pool_exhausted,/Users/liyu/Desktop/中文题目/A题研究/advanced_solver/runs/formal_v2/evaluations/attempts/20260925T104701-1ab093f459e74ba58d72a47acdce9487/plan.json
case_037,hybrid,42,43013,8,0,0.21579450007993728,0,budget_or_pool_exhausted,/Users/liyu/Desktop/中文题目/A题研究/advanced_solver/runs/formal_v2/evaluations/attempts/20260925T104701-fcbefef5b22b452a8fa33a6d320fe96e/plan.json
case_024,adaptive,17,2555343,6,0,0.5932430420070887,0,budget_or_pool_exhausted,/Users/liyu/Desktop/中文题目/A题研究/advanced_solver/runs/formal_v2/evaluations/attempts/20260925T104701-3e6995ea43f14a7ebb2119a33554c3aa/plan.json
case_071,portfolio,17,12170,12,0,0.17890604201238602,0,budget_or_pool_exhausted,/Users/liyu/Desktop/中文题目/A题研究/advanced_solver/runs/formal_v2/evaluations/attempts/20260925T104702-559803a5abc94953b4add824a0690317/plan.json
case_048,portfolio,73,222220,12,2,1.0242857079720125,0,budget_or_pool_exhausted,/Users/liyu/Desktop/中文题目/A题研究/advanced_solver/runs/formal_v2/evaluations/attempts/20260925T104701-88cd0b09038d4993ba863b79965d0fff/plan.json
case_093,adaptive,42,15876,2,0,0.10349541692994535,0,budget_or_pool_exhausted,/Users/liyu/Desktop/中文题目/A题研究/advanced_solver/runs/formal_v2/evaluations/attempts/20260925T104702-b9d5e16448dd47ba9b57652458701838/plan.json
case_037,adaptive,17,43013,7,0,0.18986958300229162,0,budget_or_pool_exhausted,/Users/liyu/Desktop/中文题目/A题研究/advanced_solver/runs/formal_v2/evaluations/attempts/20260925T104702-6a3a4a649e784bf0b8cf95b79fbb46d2/plan.json
case_074,hybrid,73,331718,8,0,0.8140143339987844,0,budget_or_pool_exhausted,/Users/liyu/Desktop/中文题目/A题研究/advanced_solver/runs/formal_v2/evaluations/attempts/20260925T104703-e569614adbbc434db64181b2e425b1de/plan.json
case_042,portfolio,73,342220,10,0,1.5072830419521779,0,budget_or_pool_exhausted,/Users/liyu/Desktop/中文题目/A题研究/advanced_solver/runs/formal_v2/evaluations/attempts/20260925T104704-d0aa569cfd1041d0909816f263f4eac3/plan.json
case_086,portfolio,42,95806,12,1,1.8281900419387966,0,budget_or_pool_exhausted,/Users/liyu/Desktop/中文题目/A题研究/advanced_solver/runs/formal_v2/evaluations/attempts/20260925T104703-5bc91693caea42a5949e069a7de28aee/plan.json
case_038,hybrid,73,278976,8,0,1.2392892090138048,0,budget_or_pool_exhausted,/Users/liyu/Desktop/中文题目/A题研究/advanced_solver/runs/formal_v2/evaluations/attempts/20260925T104705-3eeb1cc651e34ddeb4b130e0f7454795/plan.json
case_086,adaptive,17,95806,12,0,0.5466803329763934,0,budget_or_pool_exhausted,/Users/liyu/Desktop/中文题目/A题研究/advanced_solver/runs/formal_v2/evaluations/attempts/20260925T104705-811e566a4111426dab4647412b7732c1/plan.json
case_026,adaptive,17,41688,12,0,0.1554955419851467,0,budget_or_pool_exhausted,/Users/liyu/Desktop/中文题目/A题研究/advanced_solver/runs/formal_v2/evaluations/attempts/20260925T104705-a2c792dfc7e3416f90a0b9791a0be88d/plan.json
case_038,adaptive,73,283793,4,0,1.0145941670052707,0,budget_or_pool_exhausted,/Users/liyu/Desktop/中文题目/A题研究/advanced_solver/runs/formal_v2/evaluations/attempts/20260925T104706-f288ddb3a05547a39a26971113e98d6e/plan.json
case_074,adaptive,42,336492,4,0,0.6403767080046237,0,budget_or_pool_exhausted,/Users/liyu/Desktop/中文题目/A题研究/advanced_solver/runs/formal_v2/evaluations/attempts/20260925T104706-908803e2287341fdb6a64d19fc4430c7/plan.json
case_024,hybrid,42,2555343,7,0,0.8006005840143189,0,budget_or_pool_exhausted,/Users/liyu/Desktop/中文题目/A题研究/advanced_solver/runs/formal_v2/evaluations/attempts/20260925T104706-6d024e4d8c8f41d0a4ebdfc08247d2fc/plan.json
case_037,portfolio,42,43013,8,0,0.28865479200612754,0,budget_or_pool_exhausted,/Users/liyu/Desktop/中文题目/A题研究/advanced_solver/runs/formal_v2/evaluations/attempts/20260925T104707-4c3e6a37773d4ac7b646311191feebbe/plan.json
case_066,hybrid,42,199028,12,0,1.123114833026193,0,budget_or_pool_exhausted,/Users/liyu/Desktop/中文题目/A题研究/advanced_solver/runs/formal_v2/evaluations/attempts/20260925T104707-9de4e013e0c34f4ba68d66760453b55e/plan.json
case_018,hybrid,73,205917,8,0,0.6401156249921769,0,budget_or_pool_exhausted,/Users/liyu/Desktop/中文题目/A题研究/advanced_solver/runs/formal_v2/evaluations/attempts/20260925T104707-3fca4fa5edcb4a02bb8d18bd2c3410cb/plan.json
case_038,adaptive,17,279703,4,0,0.969295582966879,0,budget_or_pool_exhausted,/Users/liyu/Desktop/中文题目/A题研究/advanced_solver/runs/formal_v2/evaluations/attempts/20260925T104708-a134719ebc8a4c7ab31777657d09c848/plan.json
case_036,hybrid,42,187182,6,0,0.5815571659477428,0,budget_or_pool_exhausted,/Users/liyu/Desktop/中文题目/A题研究/advanced_solver/runs/formal_v2/evaluations/attempts/20260925T104708-6744e6274a7a4b7ba8d552d154762a7f/plan.json
case_064,portfolio,73,16370,12,0,0.19773612509015948,0,budget_or_pool_exhausted,/Users/liyu/Desktop/中文题目/A题研究/advanced_solver/runs/formal_v2/evaluations/attempts/20260925T104709-a379b2ea3a1246149fb2f30209ff3425/plan.json
case_015,adaptive,73,43411,12,0,0.26070820807944983,0,budget_or_pool_exhausted,/Users/liyu/Desktop/中文题目/A题研究/advanced_solver/runs/formal_v2/evaluations/attempts/20260925T104709-8c1e048288014beab5a92734419dde4e/plan.json
case_066,portfolio,73,200034,12,0,1.622928166994825,0,budget_or_pool_exhausted,/Users/liyu/Desktop/中文题目/A题研究/advanced_solver/runs/formal_v2/evaluations/attempts/20260925T104709-9bd9249c38d747d1af88aae12cb2cc16/plan.json
case_018,adaptive,73,205917,5,0,0.5298140839440748,0,budget_or_pool_exhausted,/Users/liyu/Desktop/中文题目/A题研究/advanced_solver/runs/formal_v2/evaluations/attempts/20260925T104710-27b706aca8a34190b65e1b6b8db18e0c/plan.json
case_071,hybrid,42,11491,12,0,0.12226179195567966,0,budget_or_pool_exhausted,/Users/liyu/Desktop/中文题目/A题研究/advanced_solver/runs/formal_v2/evaluations/attempts/20260925T104710-a405c208a73847529fb88d79d45f0bfc/plan.json
case_086,hybrid,73,95481,12,0,0.6876147500006482,0,budget_or_pool_exhausted,/Users/liyu/Desktop/中文题目/A题研究/advanced_solver/runs/formal_v2/evaluations/attempts/20260925T104710-c782c79c815e40d9bc0d24a552c7523d/plan.json
case_026,portfolio,17,41665,12,0,0.23713641706854105,0,budget_or_pool_exhausted,/Users/liyu/Desktop/中文题目/A题研究/advanced_solver/runs/formal_v2/evaluations/attempts/20260925T104710-81b6e54057c74e37a1206426ec5762b2/plan.json
case_048,hybrid,73,222220,12,0,0.243875875021331,0,budget_or_pool_exhausted,/Users/liyu/Desktop/中文题目/A题研究/advanced_solver/runs/formal_v2/evaluations/attempts/20260925T104710-71c114e64ab4474ea89abe884b43124f/plan.json
case_048,portfolio,17,222220,12,0,0.3387633330421522,0,budget_or_pool_exhausted,/Users/liyu/Desktop/中文题目/A题研究/advanced_solver/runs/formal_v2/evaluations/attempts/20260925T104710-229612d8d1f04a7d99569d6c9fb6bc0e/plan.json
case_068,portfolio,17,268666,12,0,1.4341850000200793,0,budget_or_pool_exhausted,/Users/liyu/Desktop/中文题目/A题研究/advanced_solver/runs/formal_v2/evaluations/attempts/20260925T104711-39dee11c22b545cdb0ed211777970e2e/plan.json
case_023,portfolio,17,23846,5,0,0.3205702090635896,0,budget_or_pool_exhausted,/Users/liyu/Desktop/中文题目/A题研究/advanced_solver/runs/formal_v2/evaluations/attempts/20260925T104712-cc0a90bfb38142ffbb516bb8cf33ebed/plan.json
case_050,hybrid,73,77776,12,0,0.8648137500276789,0,budget_or_pool_exhausted,/Users/liyu/Desktop/中文题目/A题研究/advanced_solver/runs/formal_v2/evaluations/attempts/20260925T104712-ae6be3ba6f2f4b80882f6459959726d1/plan.json
case_002,hybrid,73,114539,12,0,0.36481250007636845,0,budget_or_pool_exhausted,/Users/liyu/Desktop/中文题目/A题研究/advanced_solver/runs/formal_v2/evaluations/attempts/20260925T104713-2f8dd5d4de764788800a15dffaec47f9/plan.json
case_074,portfolio,73,331718,8,0,1.1870229160413146,0,budget_or_pool_exhausted,/Users/liyu/Desktop/中文题目/A题研究/advanced_solver/runs/formal_v2/evaluations/attempts/20260925T104714-bfc5905b5ed04c41a2dd9588a6b38647/plan.json
case_064,adaptive,42,16469,12,0,0.11970020807348192,0,budget_or_pool_exhausted,/Users/liyu/Desktop/中文题目/A题研究/advanced_solver/runs/formal_v2/evaluations/attempts/20260925T104714-2d3ab718ba4443c787ca7168b125d09c/plan.json
case_048,adaptive,42,211661,12,0,0.19105016603134573,0,budget_or_pool_exhausted,/Users/liyu/Desktop/中文题目/A题研究/advanced_solver/runs/formal_v2/evaluations/attempts/20260925T104714-8e5d4ea389014b1a8f05266b1da26b22/plan.json
case_023,hybrid,42,24161,5,0,0.22130929096601903,0,budget_or_pool_exhausted,/Users/liyu/Desktop/中文题目/A题研究/advanced_solver/runs/formal_v2/evaluations/attempts/20260925T104715-3a5056ca5889455fa91d12925d74fd08/plan.json
case_093,hybrid,73,15876,3,0,0.1372177500743419,0,budget_or_pool_exhausted,/Users/liyu/Desktop/中文题目/A题研究/advanced_solver/runs/formal_v2/evaluations/attempts/20260925T104715-8dc02f9abe3443d19c325e82a5b235be/plan.json
case_027,portfolio,17,558753,7,0,0.5502009580377489,0,budget_or_pool_exhausted,/Users/liyu/Desktop/中文题目/A题研究/advanced_solver/runs/formal_v2/evaluations/attempts/20260925T104715-44e4a67fff6d44679458a727e0da9b67/plan.json
case_081,adaptive,42,30943,5,0,0.36233891698066145,0,budget_or_pool_exhausted,/Users/liyu/Desktop/中文题目/A题研究/advanced_solver/runs/formal_v2/evaluations/attempts/20260925T104715-c1913fd0eb7443cdbe7bc613a685ffc1/plan.json
case_024,portfolio,17,1095114,12,2,5.710513916914351,0,budget_or_pool_exhausted,/Users/liyu/Desktop/中文题目/A题研究/advanced_solver/runs/formal_v2/evaluations/attempts/20260925T104712-f6ba27dc137d47ebbb7d6db6a77af45c/plan.json
case_015,hybrid,17,43411,12,0,0.27415075001772493,0,budget_or_pool_exhausted,/Users/liyu/Desktop/中文题目/A题研究/advanced_solver/runs/formal_v2/evaluations/attempts/20260925T104717-a2370c70839e4ca69862f4b02ecf3631/plan.json
case_042,portfolio,17,342220,10,0,1.4671763750957325,0,budget_or_pool_exhausted,/Users/liyu/Desktop/中文题目/A题研究/advanced_solver/runs/formal_v2/evaluations/attempts/20260925T104717-7bf5e4b0961240049304194623504a82/plan.json
case_009,hybrid,17,83830,12,0,1.011535125086084,0,budget_or_pool_exhausted,/Users/liyu/Desktop/中文题目/A题研究/advanced_solver/runs/formal_v2/evaluations/attempts/20260925T104718-10be50f97b7a4962a921e8ac096ffba8/plan.json
case_042,portfolio,42,342220,10,0,1.4811370000243187,0,budget_or_pool_exhausted,/Users/liyu/Desktop/中文题目/A题研究/advanced_solver/runs/formal_v2/evaluations/attempts/20260925T104718-926c636ee26745d6a43aff0fad420cc8/plan.json
case_081,hybrid,42,30943,7,0,0.4937111249892041,0,budget_or_pool_exhausted,/Users/liyu/Desktop/中文题目/A题研究/advanced_solver/runs/formal_v2/evaluations/attempts/20260925T104718-748e2870b60d496b872cbc6bf0d46625/plan.json
case_018,hybrid,42,205917,8,0,0.6534333750605583,0,budget_or_pool_exhausted,/Users/liyu/Desktop/中文题目/A题研究/advanced_solver/runs/formal_v2/evaluations/attempts/20260925T104719-537a7af426fb4912a647e6fc1c15842f/plan.json
case_050,portfolio,73,77776,12,0,1.3122242919635028,0,budget_or_pool_exhausted,/Users/liyu/Desktop/中文题目/A题研究/advanced_solver/runs/formal_v2/evaluations/attempts/20260925T104720-040daced5bad414fa6e913f15fcab1e2/plan.json
case_009,adaptive,73,83830,12,0,0.8575079169822857,0,budget_or_pool_exhausted,/Users/liyu/Desktop/中文题目/A题研究/advanced_solver/runs/formal_v2/evaluations/attempts/20260925T104720-e0dd30b14ee1426daef51ea68e7df0e9/plan.json
case_002,portfolio,73,80355,12,1,0.8604226659517735,0,budget_or_pool_exhausted,/Users/liyu/Desktop/中文题目/A题研究/advanced_solver/runs/formal_v2/evaluations/attempts/20260925T104720-d51c7de64e214030a1270bcf1ada09f0/plan.json
case_093,portfolio,42,15876,3,0,0.19527195789851248,0,budget_or_pool_exhausted,/Users/liyu/Desktop/中文题目/A题研究/advanced_solver/runs/formal_v2/evaluations/attempts/20260925T104721-dce7d5e0f9454f4bbc741ed1ab426e73/plan.json
case_024,adaptive,42,2555343,6,0,0.6005319999530911,0,budget_or_pool_exhausted,/Users/liyu/Desktop/中文题目/A题研究/advanced_solver/runs/formal_v2/evaluations/attempts/20260925T104720-6ee4d673b64040339c008b2a1a40bf81/plan.json
case_071,adaptive,17,13396,12,0,0.10649929090868682,0,budget_or_pool_exhausted,/Users/liyu/Desktop/中文题目/A题研究/advanced_solver/runs/formal_v2/evaluations/attempts/20260925T104721-ab6de3919e2347fa8be28d82d4200d1f/plan.json
case_017,portfolio,17,35496,6,0,0.4474380830070004,0,budget_or_pool_exhausted,/Users/liyu/Desktop/中文题目/A题研究/advanced_solver/runs/formal_v2/evaluations/attempts/20260925T104721-5f78e998b12a4487bf3b7f33daf03804/plan.json
case_017,portfolio,73,35496,6,0,0.45385470800101757,0,budget_or_pool_exhausted,/Users/liyu/Desktop/中文题目/A题研究/advanced_solver/runs/formal_v2/evaluations/attempts/20260925T104721-5f3ff05cf0f8461dbe86d8fc2ad41553/plan.json
case_100,adaptive,73,57971,12,0,0.25503574998583645,0,budget_or_pool_exhausted,/Users/liyu/Desktop/中文题目/A题研究/advanced_solver/runs/formal_v2/evaluations/attempts/20260925T104722-0278e19adaf44c2bad916f0ead29e912/plan.json
case_023,adaptive,42,24486,2,0,0.1803222500020638,0,budget_or_pool_exhausted,/Users/liyu/Desktop/中文题目/A题研究/advanced_solver/runs/formal_v2/evaluations/attempts/20260925T104722-3416d65885ad4318991aae9526d3e469/plan.json
case_066,portfolio,17,199671,12,0,1.597877666936256,0,budget_or_pool_exhausted,/Users/liyu/Desktop/中文题目/A题研究/advanced_solver/runs/formal_v2/evaluations/attempts/20260925T104722-9b7350ae78e3462f8b607766ec3734d5/plan.json
case_002,portfolio,42,80355,12,0,0.5611117910593748,0,budget_or_pool_exhausted,/Users/liyu/Desktop/中文题目/A题研究/advanced_solver/runs/formal_v2/evaluations/attempts/20260925T104723-acaf7fa026c64bb8a52af7c578af8f2a/plan.json
case_036,adaptive,17,187182,5,0,0.4844994170125574,0,budget_or_pool_exhausted,/Users/liyu/Desktop/中文题目/A题研究/advanced_solver/runs/formal_v2/evaluations/attempts/20260925T104723-3c1ea01e7201438a80e0414952acddd6/plan.json
case_026,hybrid,17,41665,12,0,0.17663133307360113,0,budget_or_pool_exhausted,/Users/liyu/Desktop/中文题目/A题研究/advanced_solver/runs/formal_v2/evaluations/attempts/20260925T104723-673410cc4d0442d8ad0a57df990b53d1/plan.json
case_017,hybrid,73,35496,6,0,0.30585795792285353,0,budget_or_pool_exhausted,/Users/liyu/Desktop/中文题目/A题研究/advanced_solver/runs/formal_v2/evaluations/attempts/20260925T104723-742a3646cdce4b2db647127de9216a81/plan.json
case_068,adaptive,73,268666,12,0,0.8155983750475571,0,budget_or_pool_exhausted,/Users/liyu/Desktop/中文题目/A题研究/advanced_solver/runs/formal_v2/evaluations/attempts/20260925T104723-cdbe2f86574642aab3bc01fdcbf3881c/plan.json
case_093,portfolio,73,15876,3,0,0.20217979105655104,0,budget_or_pool_exhausted,/Users/liyu/Desktop/中文题目/A题研究/advanced_solver/runs/formal_v2/evaluations/attempts/20260925T104723-a18ee2680e0a4bb7aa48359c61155dda/plan.json
case_100,adaptive,42,57971,12,0,0.26740874990355223,0,budget_or_pool_exhausted,/Users/liyu/Desktop/中文题目/A题研究/advanced_solver/runs/formal_v2/evaluations/attempts/20260925T104724-9df512324b1745268fa34928ab0fdb08/plan.json
case_009,adaptive,17,83830,12,0,0.8631462079938501,0,budget_or_pool_exhausted,/Users/liyu/Desktop/中文题目/A题研究/advanced_solver/runs/formal_v2/evaluations/attempts/20260925T104724-c20bd448f4f84253ad9746460eaf547f/plan.json
case_068,hybrid,17,268666,12,0,0.9472120839636773,0,budget_or_pool_exhausted,/Users/liyu/Desktop/中文题目/A题研究/advanced_solver/runs/formal_v2/evaluations/attempts/20260925T104724-2a48b6daea1c497fbea0d726fadcf6bb/plan.json
case_100,hybrid,73,57811,12,0,0.29319229209795594,0,budget_or_pool_exhausted,/Users/liyu/Desktop/中文题目/A题研究/advanced_solver/runs/formal_v2/evaluations/attempts/20260925T104725-e7379c68cf994aa5b0b02b248cca009f/plan.json
case_009,hybrid,73,83830,12,0,1.019376042066142,0,budget_or_pool_exhausted,/Users/liyu/Desktop/中文题目/A题研究/advanced_solver/runs/formal_v2/evaluations/attempts/20260925T104725-d0e6d54bfef648bca08e8027c388282b/plan.json
case_017,adaptive,42,35496,4,0,0.24470641603693366,0,budget_or_pool_exhausted,/Users/liyu/Desktop/中文题目/A题研究/advanced_solver/runs/formal_v2/evaluations/attempts/20260925T104726-fb93bb802a77417b8d2ea8fbe58910ac/plan.json
case_042,adaptive,17,351786,4,0,0.8185623749159276,0,budget_or_pool_exhausted,/Users/liyu/Desktop/中文题目/A题研究/advanced_solver/runs/formal_v2/evaluations/attempts/20260925T104726-11a3a89604fc4ceca5228a9339126efe/plan.json
case_042,adaptive,42,351786,4,0,0.8624656250467524,0,budget_or_pool_exhausted,/Users/liyu/Desktop/中文题目/A题研究/advanced_solver/runs/formal_v2/evaluations/attempts/20260925T104726-dde474b17bae4c228e8a5ea1d7363cf2/plan.json
case_068,hybrid,73,268666,12,0,0.9938918330008164,0,budget_or_pool_exhausted,/Users/liyu/Desktop/中文题目/A题研究/advanced_solver/runs/formal_v2/evaluations/attempts/20260925T104727-8387d0866daa4f36a5580cd506e1218d/plan.json
case_023,portfolio,42,24161,5,0,0.33146312495227903,0,budget_or_pool_exhausted,/Users/liyu/Desktop/中文题目/A题研究/advanced_solver/runs/formal_v2/evaluations/attempts/20260925T104727-f3f0b30108c14cf2b015b49d2a5bd37e/plan.json
case_027,adaptive,17,558753,6,0,0.38126904203090817,0,budget_or_pool_exhausted,/Users/liyu/Desktop/中文题目/A题研究/advanced_solver/runs/formal_v2/evaluations/attempts/20260925T104727-35dac9ec5b9f4bfc9a0fee6625008722/plan.json
case_009,portfolio,73,83830,12,0,1.5006794579094276,0,budget_or_pool_exhausted,/Users/liyu/Desktop/中文题目/A题研究/advanced_solver/runs/formal_v2/evaluations/attempts/20260925T104728-46ec79751f82476ea14dde0d8d1f9944/plan.json
case_050,portfolio,42,77776,11,0,1.5243853749707341,0,budget_or_pool_exhausted,/Users/liyu/Desktop/中文题目/A题研究/advanced_solver/runs/formal_v2/evaluations/attempts/20260925T104728-8db3ab1593d640fe9f049ac7a3516fa1/plan.json
case_018,adaptive,17,205917,5,0,0.5312351250322536,0,budget_or_pool_exhausted,/Users/liyu/Desktop/中文题目/A题研究/advanced_solver/runs/formal_v2/evaluations/attempts/20260925T104729-5f016e8750fb425ca07b3fc7d8ccef55/plan.json
case_002,hybrid,17,114539,12,0,0.3647757079452276,0,budget_or_pool_exhausted,/Users/liyu/Desktop/中文题目/A题研究/advanced_solver/runs/formal_v2/evaluations/attempts/20260925T104729-a2b1878be4f44f9ea27e2779996f20a3/plan.json
case_071,adaptive,42,13396,12,0,0.1097263329429552,0,budget_or_pool_exhausted,/Users/liyu/Desktop/中文题目/A题研究/advanced_solver/runs/formal_v2/evaluations/attempts/20260925T104729-be0a96e053434270a435b5dcb07c9a7c/plan.json
case_050,hybrid,17,77776,12,0,0.8723193749319762,0,budget_or_pool_exhausted,/Users/liyu/Desktop/中文题目/A题研究/advanced_solver/runs/formal_v2/evaluations/attempts/20260925T104730-0ccec03eb245485aa966b87481a1da13/plan.json
case_023,hybrid,73,23846,5,0,0.22037354204803705,0,budget_or_pool_exhausted,/Users/liyu/Desktop/中文题目/A题研究/advanced_solver/runs/formal_v2/evaluations/attempts/20260925T104730-692310be270644d9b8d109f9159124ff/plan.json
case_068,hybrid,42,268666,12,0,0.9502343750791624,0,budget_or_pool_exhausted,/Users/liyu/Desktop/中文题目/A题研究/advanced_solver/runs/formal_v2/evaluations/attempts/20260925T104730-97fc1996fa51405aaa761bd57a3f2ae1/plan.json
case_064,adaptive,73,16469,12,0,0.12171487498562783,0,budget_or_pool_exhausted,/Users/liyu/Desktop/中文题目/A题研究/advanced_solver/runs/formal_v2/evaluations/attempts/20260925T104731-a5ac2bd79ee74c94bf32b6dfb4d61270/plan.json
case_068,portfolio,42,268666,12,0,1.452716458006762,0,budget_or_pool_exhausted,/Users/liyu/Desktop/中文题目/A题研究/advanced_solver/runs/formal_v2/evaluations/attempts/20260925T104730-31e8df55e67f48a9a09773251ed6f78d/plan.json
case_036,portfolio,73,187182,6,0,0.8387586669996381,0,budget_or_pool_exhausted,/Users/liyu/Desktop/中文题目/A题研究/advanced_solver/runs/formal_v2/evaluations/attempts/20260925T104731-2ec41c54dae74df3bd627c11f5e25f3a/plan.json
case_017,portfolio,42,35496,6,0,0.45004891604185104,0,budget_or_pool_exhausted,/Users/liyu/Desktop/中文题目/A题研究/advanced_solver/runs/formal_v2/evaluations/attempts/20260925T104731-9f08337a501343dba564904fcd70793c/plan.json
case_026,adaptive,73,41688,12,0,0.1578555420273915,0,budget_or_pool_exhausted,/Users/liyu/Desktop/中文题目/A题研究/advanced_solver/runs/formal_v2/evaluations/attempts/20260925T104732-755aec5a239646598c4ebe8658537d78/plan.json
case_002,adaptive,42,114925,12,0,0.29661287495400757,0,budget_or_pool_exhausted,/Users/liyu/Desktop/中文题目/A题研究/advanced_solver/runs/formal_v2/evaluations/attempts/20260925T104732-ccd127f957e24fc4ad073f0732f815fc/plan.json
case_048,adaptive,73,211661,12,0,0.20010483299847692,0,budget_or_pool_exhausted,/Users/liyu/Desktop/中文题目/A题研究/advanced_solver/runs/formal_v2/evaluations/attempts/20260925T104732-e8dd198533e949cd9a584fed6e2137bb/plan.json
case_027,adaptive,73,558753,6,0,0.37483433296438307,0,budget_or_pool_exhausted,/Users/liyu/Desktop/中文题目/A题研究/advanced_solver/runs/formal_v2/evaluations/attempts/20260925T104732-805f16477b3e45a9b7dc068fff76eade/plan.json
case_071,portfolio,73,12170,12,0,0.18566258298233151,0,budget_or_pool_exhausted,/Users/liyu/Desktop/中文题目/A题研究/advanced_solver/runs/formal_v2/evaluations/attempts/20260925T104732-49dd3fd52fbb4c28ba428c3697827521/plan.json
case_093,hybrid,17,15876,3,0,0.13472679106052965,0,budget_or_pool_exhausted,/Users/liyu/Desktop/中文题目/A题研究/advanced_solver/runs/formal_v2/evaluations/attempts/20260925T104732-ce2f746c996f47ab98826ec39a4601c4/plan.json
case_023,adaptive,73,24268,2,0,0.1987380830105394,0,budget_or_pool_exhausted,/Users/liyu/Desktop/中文题目/A题研究/advanced_solver/runs/formal_v2/evaluations/attempts/20260925T104732-0152013a64d2407aa6503ab26e6fb52a/plan.json
case_100,hybrid,42,57811,12,0,0.30369345808867365,0,budget_or_pool_exhausted,/Users/liyu/Desktop/中文题目/A题研究/advanced_solver/runs/formal_v2/evaluations/attempts/20260925T104733-3976166b83d24ec4905114d384a0e8f5/plan.json
case_017,adaptive,17,35496,4,0,0.24159141595009714,0,budget_or_pool_exhausted,/Users/liyu/Desktop/中文题目/A题研究/advanced_solver/runs/formal_v2/evaluations/attempts/20260925T104733-422a79e5980840e696c43076f6343385/plan.json
case_027,portfolio,42,558753,7,0,0.550153375021182,0,budget_or_pool_exhausted,/Users/liyu/Desktop/中文题目/A题研究/advanced_solver/runs/formal_v2/evaluations/attempts/20260925T104733-768d05fcf13f481db9656a0a5ab3da6e/plan.json
case_037,adaptive,73,43013,7,0,0.1981901249382645,0,budget_or_pool_exhausted,/Users/liyu/Desktop/中文题目/A题研究/advanced_solver/runs/formal_v2/evaluations/attempts/20260925T104733-b657d504bb9447b19afeeb45bec92c0c/plan.json
case_074,hybrid,17,330675,8,0,0.8126378339948133,0,budget_or_pool_exhausted,/Users/liyu/Desktop/中文题目/A题研究/advanced_solver/runs/formal_v2/evaluations/attempts/20260925T104734-75f7e0f13bc0454d8fe06994eba658d3/plan.json
case_050,adaptive,17,78548,9,0,0.8082966250367463,0,budget_or_pool_exhausted,/Users/liyu/Desktop/中文题目/A题研究/advanced_solver/runs/formal_v2/evaluations/attempts/20260925T104734-4e839086ddaa4cc289a7d36aeff799c0/plan.json
case_038,hybrid,42,276053,8,0,1.286239541019313,0,budget_or_pool_exhausted,/Users/liyu/Desktop/中文题目/A题研究/advanced_solver/runs/formal_v2/evaluations/attempts/20260925T104734-83a67efb74774747aa5ef63793b30cc4/plan.json
case_015,adaptive,42,43411,12,0,0.2609800840727985,0,budget_or_pool_exhausted,/Users/liyu/Desktop/中文题目/A题研究/advanced_solver/runs/formal_v2/evaluations/attempts/20260925T104734-991a940207e541e1972d6f0ea3874128/plan.json
case_015,adaptive,17,43411,12,0,0.2561277080094442,0,budget_or_pool_exhausted,/Users/liyu/Desktop/中文题目/A题研究/advanced_solver/runs/formal_v2/evaluations/attempts/20260925T104735-6f5e3a8ea31742d292c1cb4f2d286c75/plan.json
case_017,hybrid,17,35496,6,0,0.2958320420002565,0,budget_or_pool_exhausted,/Users/liyu/Desktop/中文题目/A题研究/advanced_solver/runs/formal_v2/evaluations/attempts/20260925T104735-a1827802bea346f894f4820a685b1e20/plan.json
case_027,portfolio,73,558753,7,0,0.5527616660110652,0,budget_or_pool_exhausted,/Users/liyu/Desktop/中文题目/A题研究/advanced_solver/runs/formal_v2/evaluations/attempts/20260925T104735-ea3c62eb9cee4db09968d2a719656021/plan.json
case_048,portfolio,42,222220,12,0,0.3418063750723377,0,budget_or_pool_exhausted,/Users/liyu/Desktop/中文题目/A题研究/advanced_solver/runs/formal_v2/evaluations/attempts/20260925T104735-fd4e7774f2374f94811806d9629a4508/plan.json
case_024,portfolio,42,1095114,12,2,5.224817875074223,0,budget_or_pool_exhausted,/Users/liyu/Desktop/中文题目/A题研究/advanced_solver/runs/formal_v2/evaluations/attempts/20260925T104737-2b42bc18ab2f4e8b85e80371f306e1ea/plan.json
case_023,portfolio_diverse,42,24161,5,0,0.4322034999495372,0,budget_or_pool_exhausted,/Users/liyu/Desktop/中文题目/A题研究/advanced_solver/runs/formal_v2/evaluations/attempts/20260925T105137-1e80d7b0d1314d5db73b09533a057695/plan.json
case_093,portfolio_diverse,42,15876,3,0,0.2590972080361098,0,budget_or_pool_exhausted,/Users/liyu/Desktop/中文题目/A题研究/advanced_solver/runs/formal_v2/evaluations/attempts/20260925T105137-3e74a42dad0841f0823683e071533f46/plan.json
case_064,portfolio_diverse,17,16370,12,0,0.2660420420579612,0,budget_or_pool_exhausted,/Users/liyu/Desktop/中文题目/A题研究/advanced_solver/runs/formal_v2/evaluations/attempts/20260925T105137-2041168388d24670a61ed127cdb18e74/plan.json
case_042,portfolio_diverse,42,342220,10,0,1.9614260410889983,0,budget_or_pool_exhausted,/Users/liyu/Desktop/中文题目/A题研究/advanced_solver/runs/formal_v2/evaluations/attempts/20260925T105141-22db5f13b12e4349934690dcdd9d42c0/plan.json
case_086,portfolio_diverse,17,95806,12,0,1.4671220829477534,0,budget_or_pool_exhausted,/Users/liyu/Desktop/中文题目/A题研究/advanced_solver/runs/formal_v2/evaluations/attempts/20260925T105142-b51d5a894b8f4d489909dea46918f2e3/plan.json
case_024,portfolio_diverse,73,1095114,12,0,1.9713747919304296,0,budget_or_pool_exhausted,/Users/liyu/Desktop/中文题目/A题研究/advanced_solver/runs/formal_v2/evaluations/attempts/20260925T105145-644deb8c62464a06867b4b7370c6df80/plan.json
case_027,portfolio_diverse,73,558753,7,0,0.7494020420126617,0,budget_or_pool_exhausted,/Users/liyu/Desktop/中文题目/A题研究/advanced_solver/runs/formal_v2/evaluations/attempts/20260925T105146-4fa5b1c92ca94c0681870a22eb0793a6/plan.json
case_100,portfolio_diverse,73,57811,12,0,0.5995152499526739,0,budget_or_pool_exhausted,/Users/liyu/Desktop/中文题目/A题研究/advanced_solver/runs/formal_v2/evaluations/attempts/20260925T105147-9a61e49f93944b70afdeafbd0f848664/plan.json
case_086,portfolio_diverse,73,95806,12,0,1.4802789579844102,0,budget_or_pool_exhausted,/Users/liyu/Desktop/中文题目/A题研究/advanced_solver/runs/formal_v2/evaluations/attempts/20260925T105147-3e346f717f0b45da9d8b57249c811029/plan.json
case_081,portfolio_diverse,73,30943,6,0,1.1507840829435736,0,budget_or_pool_exhausted,/Users/liyu/Desktop/中文题目/A题研究/advanced_solver/runs/formal_v2/evaluations/attempts/20260925T105148-d4e376768e614c04a23a227c82a6b0b6/plan.json
case_027,portfolio_diverse,42,558753,7,0,0.7426442080177367,0,budget_or_pool_exhausted,/Users/liyu/Desktop/中文题目/A题研究/advanced_solver/runs/formal_v2/evaluations/attempts/20260925T105149-a6cfad549bdd4692b76a4b164d7d0182/plan.json
case_036,portfolio_diverse,42,187182,6,0,1.146710166009143,0,budget_or_pool_exhausted,/Users/liyu/Desktop/中文题目/A题研究/advanced_solver/runs/formal_v2/evaluations/attempts/20260925T105149-c43e85f1753d468482e4a6fcdfb78cb7/plan.json
case_064,portfolio_diverse,42,16463,12,1,0.4854433329310268,0,budget_or_pool_exhausted,/Users/liyu/Desktop/中文题目/A题研究/advanced_solver/runs/formal_v2/evaluations/attempts/20260925T105150-13c882dbd885494882fc7e09b8e5c787/plan.json
case_023,portfolio_diverse,73,23846,5,0,0.4325560419820249,0,budget_or_pool_exhausted,/Users/liyu/Desktop/中文题目/A题研究/advanced_solver/runs/formal_v2/evaluations/attempts/20260925T105151-82faf11bb1594f97b01c851f9d6f99bc/plan.json
case_048,portfolio_diverse,73,211661,12,2,1.0814456670777872,0,budget_or_pool_exhausted,/Users/liyu/Desktop/中文题目/A题研究/advanced_solver/runs/formal_v2/evaluations/attempts/20260925T105152-d9d5333461ae40f691f60b1b4fdd6893/plan.json
case_026,portfolio_diverse,42,41665,12,0,0.3377312080701813,0,budget_or_pool_exhausted,/Users/liyu/Desktop/中文题目/A题研究/advanced_solver/runs/formal_v2/evaluations/attempts/20260925T105152-116795990eda404dbd9608c1b05c264c/plan.json
case_018,portfolio_diverse,73,205917,8,0,1.285547334002331,0,budget_or_pool_exhausted,/Users/liyu/Desktop/中文题目/A题研究/advanced_solver/runs/formal_v2/evaluations/attempts/20260925T105154-8584120a727d405a971cec7c3863b28a/plan.json
case_038,portfolio_diverse,73,278976,6,0,2.7579854999203235,0,budget_or_pool_exhausted,/Users/liyu/Desktop/中文题目/A题研究/advanced_solver/runs/formal_v2/evaluations/attempts/20260925T105157-d667d4ac62574f92b0d134ec44a49b2b/plan.json
case_018,portfolio_diverse,42,205917,8,0,1.2643773750169203,0,budget_or_pool_exhausted,/Users/liyu/Desktop/中文题目/A题研究/advanced_solver/runs/formal_v2/evaluations/attempts/20260925T105158-08e62e11bbd64793b06d3f57f8499078/plan.json
case_038,portfolio_diverse,17,276281,5,0,2.6911553329555318,0,budget_or_pool_exhausted,/Users/liyu/Desktop/中文题目/A题研究/advanced_solver/runs/formal_v2/evaluations/attempts/20260925T105159-735efde3f2544757affcb0f48816b985/plan.json
case_017,portfolio_diverse,17,35496,6,0,0.6003924590768293,0,budget_or_pool_exhausted,/Users/liyu/Desktop/中文题目/A题研究/advanced_solver/runs/formal_v2/evaluations/attempts/20260925T105159-d26c891b53e44832a0d29aca01601a72/plan.json
case_074,portfolio_diverse,17,330675,8,0,1.6018287499900907,0,budget_or_pool_exhausted,/Users/liyu/Desktop/中文题目/A题研究/advanced_solver/runs/formal_v2/evaluations/attempts/20260925T105201-003a352927ee477f9e21cac723a9c7c1/plan.json
case_038,portfolio_diverse,42,276053,6,0,2.82793591695372,0,budget_or_pool_exhausted,/Users/liyu/Desktop/中文题目/A题研究/advanced_solver/runs/formal_v2/evaluations/attempts/20260925T105204-9678192113fb469186ef63e2c0502331/plan.json
case_017,portfolio_diverse,42,35496,6,0,0.6035677080508322,0,budget_or_pool_exhausted,/Users/liyu/Desktop/中文题目/A题研究/advanced_solver/runs/formal_v2/evaluations/attempts/20260925T105204-6ccc5ad801fe4d8c85f5b02d14dcb658/plan.json
case_009,portfolio_diverse,73,83830,12,0,2.055208457983099,0,budget_or_pool_exhausted,/Users/liyu/Desktop/中文题目/A题研究/advanced_solver/runs/formal_v2/evaluations/attempts/20260925T105206-cdc5c3e030e7444980d3bcc7742fa75e/plan.json
case_026,portfolio_diverse,17,41665,12,0,0.3406751248985529,0,budget_or_pool_exhausted,/Users/liyu/Desktop/中文题目/A题研究/advanced_solver/runs/formal_v2/evaluations/attempts/20260925T105207-42df5ee43d4646f09d95a2e4f12ef2bd/plan.json
case_081,portfolio_diverse,17,30943,6,0,1.1766644170274958,0,budget_or_pool_exhausted,/Users/liyu/Desktop/中文题目/A题研究/advanced_solver/runs/formal_v2/evaluations/attempts/20260925T105209-c2444094ad104ef5a306618c06a90b63/plan.json
case_093,portfolio_diverse,17,15876,3,0,0.26958116702735424,0,budget_or_pool_exhausted,/Users/liyu/Desktop/中文题目/A题研究/advanced_solver/runs/formal_v2/evaluations/attempts/20260925T105211-40303ba83147455da7ffde25cf0de359/plan.json
case_068,portfolio_diverse,73,268666,12,1,2.7424912080168724,0,budget_or_pool_exhausted,/Users/liyu/Desktop/中文题目/A题研究/advanced_solver/runs/formal_v2/evaluations/attempts/20260925T105209-e1addf105b6f4ec493da2bd67aa82faa/plan.json
case_066,portfolio_diverse,17,199671,12,0,2.249868124956265,0,budget_or_pool_exhausted,/Users/liyu/Desktop/中文题目/A题研究/advanced_solver/runs/formal_v2/evaluations/attempts/20260925T105213-3f827192df084c2ca0eb0e6835659535/plan.json
case_074,portfolio_diverse,42,332448,8,0,1.6409549999516457,0,budget_or_pool_exhausted,/Users/liyu/Desktop/中文题目/A题研究/advanced_solver/runs/formal_v2/evaluations/attempts/20260925T105213-41ae0198d3064c74a53a068843ae3b30/plan.json
case_100,portfolio_diverse,42,57811,12,0,0.6225562079343945,0,budget_or_pool_exhausted,/Users/liyu/Desktop/中文题目/A题研究/advanced_solver/runs/formal_v2/evaluations/attempts/20260925T105215-d47221455fab4c49b2fe3725a549c83a/plan.json
case_036,portfolio_diverse,73,187182,6,0,1.175047833006829,0,budget_or_pool_exhausted,/Users/liyu/Desktop/中文题目/A题研究/advanced_solver/runs/formal_v2/evaluations/attempts/20260925T105215-e5454138e19f40d78d9d0e5c00ea6d7d/plan.json
case_009,portfolio_diverse,17,83830,12,0,2.1340300000738353,0,budget_or_pool_exhausted,/Users/liyu/Desktop/中文题目/A题研究/advanced_solver/runs/formal_v2/evaluations/attempts/20260925T105217-4caf262841fc4cf98b5e9d1be76b887e/plan.json
case_024,portfolio_diverse,17,1095114,12,0,2.1104722910095006,0,budget_or_pool_exhausted,/Users/liyu/Desktop/中文题目/A题研究/advanced_solver/runs/formal_v2/evaluations/attempts/20260925T105218-1da1e9175cf5496797f7c2b475992c52/plan.json
case_048,portfolio_diverse,42,211661,12,0,0.5764922079397365,0,budget_or_pool_exhausted,/Users/liyu/Desktop/中文题目/A题研究/advanced_solver/runs/formal_v2/evaluations/attempts/20260925T105219-fbc830df18df4013aed99884520a061f/plan.json
case_050,portfolio_diverse,17,77776,12,0,2.0461474580224603,0,budget_or_pool_exhausted,/Users/liyu/Desktop/中文题目/A题研究/advanced_solver/runs/formal_v2/evaluations/attempts/20260925T105220-66a8bb0bab2a47b184a9a30631a9ffae/plan.json
case_009,portfolio_diverse,42,83830,12,0,2.1071807499974966,0,budget_or_pool_exhausted,/Users/liyu/Desktop/中文题目/A题研究/advanced_solver/runs/formal_v2/evaluations/attempts/20260925T105220-1f7807361f074610b6265a25159b7cb4/plan.json
case_036,portfolio_diverse,17,187182,6,0,1.2340363749535754,0,budget_or_pool_exhausted,/Users/liyu/Desktop/中文题目/A题研究/advanced_solver/runs/formal_v2/evaluations/attempts/20260925T105221-3ea7bfbbb5a14f13a1f97c15ff2bbf0c/plan.json
case_071,portfolio_diverse,17,12170,12,1,0.46510387503076345,0,budget_or_pool_exhausted,/Users/liyu/Desktop/中文题目/A题研究/advanced_solver/runs/formal_v2/evaluations/attempts/20260925T105222-c1261b0f01584a04a27f7d4810918943/plan.json
case_066,portfolio_diverse,73,200034,12,0,2.480678166029975,0,budget_or_pool_exhausted,/Users/liyu/Desktop/中文题目/A题研究/advanced_solver/runs/formal_v2/evaluations/attempts/20260925T105225-660cc739ecd54d438b1c1a34257c5aa3/plan.json
case_002,portfolio_diverse,73,80355,12,0,0.8224677089601755,0,budget_or_pool_exhausted,/Users/liyu/Desktop/中文题目/A题研究/advanced_solver/runs/formal_v2/evaluations/attempts/20260925T105226-67a01e63fa06496ca74c85fe9ff6139a/plan.json
case_064,portfolio_diverse,73,16370,12,0,0.2752091250149533,0,budget_or_pool_exhausted,/Users/liyu/Desktop/中文题目/A题研究/advanced_solver/runs/formal_v2/evaluations/attempts/20260925T105228-4ba747f7f9bb4c81bf53f5dc203c96ba/plan.json
case_093,portfolio_diverse,73,15876,3,0,0.28965699998661876,0,budget_or_pool_exhausted,/Users/liyu/Desktop/中文题目/A题研究/advanced_solver/runs/formal_v2/evaluations/attempts/20260925T105229-f581e7c184f24b06aae46cfd5822c636/plan.json
case_037,portfolio_diverse,17,43013,8,0,0.413486999925226,0,budget_or_pool_exhausted,/Users/liyu/Desktop/中文题目/A题研究/advanced_solver/runs/formal_v2/evaluations/attempts/20260925T105230-af233067c06848fa9695c048b5d017d9/plan.json
case_017,portfolio_diverse,73,35496,6,0,0.6410285839810967,0,budget_or_pool_exhausted,/Users/liyu/Desktop/中文题目/A题研究/advanced_solver/runs/formal_v2/evaluations/attempts/20260925T105230-006005e510fb44a1b62482b2dd06c33c/plan.json
case_042,portfolio_diverse,17,342220,10,0,2.1421886670868844,0,budget_or_pool_exhausted,/Users/liyu/Desktop/中文题目/A题研究/advanced_solver/runs/formal_v2/evaluations/attempts/20260925T105231-df663e5d66f449edb4bed46a0f90b8c0/plan.json
case_002,portfolio_diverse,17,78244,12,0,0.8133912079501897,0,budget_or_pool_exhausted,/Users/liyu/Desktop/中文题目/A题研究/advanced_solver/runs/formal_v2/evaluations/attempts/20260925T105231-804850307d954d23bce571786f63f17f/plan.json
case_024,portfolio_diverse,42,1095114,12,0,2.1499323330353945,0,budget_or_pool_exhausted,/Users/liyu/Desktop/中文题目/A题研究/advanced_solver/runs/formal_v2/evaluations/attempts/20260925T105233-19b5bd0cb9134bcba8977f5e927cdfe5/plan.json
case_023,portfolio_diverse,17,23846,5,0,0.45899883296806365,0,budget_or_pool_exhausted,/Users/liyu/Desktop/中文题目/A题研究/advanced_solver/runs/formal_v2/evaluations/attempts/20260925T105233-db4ad045ab3f4165beef66e6c861e482/plan.json
case_042,portfolio_diverse,73,342220,10,0,2.180650750058703,0,budget_or_pool_exhausted,/Users/liyu/Desktop/中文题目/A题研究/advanced_solver/runs/formal_v2/evaluations/attempts/20260925T105233-63a94ea5b66f4a2581b0f2a1684cf324/plan.json
case_015,portfolio_diverse,42,43411,8,0,0.6520056249573827,0,budget_or_pool_exhausted,/Users/liyu/Desktop/中文题目/A题研究/advanced_solver/runs/formal_v2/evaluations/attempts/20260925T105233-1f42034f4da647d0aec40e12c1419336/plan.json
case_027,portfolio_diverse,17,558753,7,0,0.7665133750997484,0,budget_or_pool_exhausted,/Users/liyu/Desktop/中文题目/A题研究/advanced_solver/runs/formal_v2/evaluations/attempts/20260925T105234-93a3370d74a643c4861608fb35ede877/plan.json
case_066,portfolio_diverse,42,199028,12,0,2.328468458959833,0,budget_or_pool_exhausted,/Users/liyu/Desktop/中文题目/A题研究/advanced_solver/runs/formal_v2/evaluations/attempts/20260925T105236-cefdbefa58c64f5783eda6dca510f631/plan.json
case_050,portfolio_diverse,42,77776,11,0,2.223734249942936,0,budget_or_pool_exhausted,/Users/liyu/Desktop/中文题目/A题研究/advanced_solver/runs/formal_v2/evaluations/attempts/20260925T105237-ceb80af746a44153928b19793485b413/plan.json
case_002,portfolio_diverse,42,80355,12,0,0.8534921249374747,0,budget_or_pool_exhausted,/Users/liyu/Desktop/中文题目/A题研究/advanced_solver/runs/formal_v2/evaluations/attempts/20260925T105238-9d0a0b4926124c669439f4dccae7129e/plan.json
case_050,portfolio_diverse,73,77776,12,0,2.026589250075631,0,budget_or_pool_exhausted,/Users/liyu/Desktop/中文题目/A题研究/advanced_solver/runs/formal_v2/evaluations/attempts/20260925T105238-48883a57373f424090e72effe0741ad5/plan.json
case_086,portfolio_diverse,42,95806,12,0,1.6130741250235587,0,budget_or_pool_exhausted,/Users/liyu/Desktop/中文题目/A题研究/advanced_solver/runs/formal_v2/evaluations/attempts/20260925T105238-d27969093f0647628c3a388ee13f766b/plan.json
case_015,portfolio_diverse,17,43411,8,0,0.6247633330058306,0,budget_or_pool_exhausted,/Users/liyu/Desktop/中文题目/A题研究/advanced_solver/runs/formal_v2/evaluations/attempts/20260925T105239-8f65823d9bee40b48afcdcfcbfa9e799/plan.json
case_068,portfolio_diverse,42,268666,12,1,3.1785321249626577,0,budget_or_pool_exhausted,/Users/liyu/Desktop/中文题目/A题研究/advanced_solver/runs/formal_v2/evaluations/attempts/20260925T105241-ea6057e8a92b4a078e5c7809b95ff7ba/plan.json
case_037,portfolio_diverse,42,43013,8,0,0.40221708407625556,0,budget_or_pool_exhausted,/Users/liyu/Desktop/中文题目/A题研究/advanced_solver/runs/formal_v2/evaluations/attempts/20260925T105247-b066ded9887444d5a732b42d538de43b/plan.json
case_071,portfolio_diverse,42,11491,12,0,0.26370979205239564,0,budget_or_pool_exhausted,/Users/liyu/Desktop/中文题目/A题研究/advanced_solver/runs/formal_v2/evaluations/attempts/20260925T105248-a58eb395841e485eb246d13bbbee6b59/plan.json
case_048,portfolio_diverse,17,211661,12,0,0.5923055409220979,0,budget_or_pool_exhausted,/Users/liyu/Desktop/中文题目/A题研究/advanced_solver/runs/formal_v2/evaluations/attempts/20260925T105250-ffcf36497bec402d920781f19bcb5b27/plan.json
case_071,portfolio_diverse,73,12170,12,0,0.26401883410289884,0,budget_or_pool_exhausted,/Users/liyu/Desktop/中文题目/A题研究/advanced_solver/runs/formal_v2/evaluations/attempts/20260925T105251-5b7f6456372b448ba6c4f11262817f30/plan.json
case_100,portfolio_diverse,17,57811,12,0,0.6274925000034273,0,budget_or_pool_exhausted,/Users/liyu/Desktop/中文题目/A题研究/advanced_solver/runs/formal_v2/evaluations/attempts/20260925T105251-b626991c8f6146dd8f7428fbcbdb782b/plan.json
case_015,portfolio_diverse,73,43411,8,0,0.8267208749894053,0,budget_or_pool_exhausted,/Users/liyu/Desktop/中文题目/A题研究/advanced_solver/runs/formal_v2/evaluations/attempts/20260925T105255-88841a2786c440e4b8011a77c8299304/plan.json
case_068,portfolio_diverse,17,268666,12,0,2.6949515000451356,0,budget_or_pool_exhausted,/Users/liyu/Desktop/中文题目/A题研究/advanced_solver/runs/formal_v2/evaluations/attempts/20260925T105255-d8caadeb9c0e4a108a3c9791e083f017/plan.json
case_037,portfolio_diverse,73,43013,8,0,0.49719037499744445,0,budget_or_pool_exhausted,/Users/liyu/Desktop/中文题目/A题研究/advanced_solver/runs/formal_v2/evaluations/attempts/20260925T105256-25f3f46e14d34b6baf78d35cc3eabda3/plan.json
case_074,portfolio_diverse,73,331718,8,0,2.266227375017479,0,budget_or_pool_exhausted,/Users/liyu/Desktop/中文题目/A题研究/advanced_solver/runs/formal_v2/evaluations/attempts/20260925T105259-c493cf6df9004940a06fefebf02dcd9c/plan.json
case_026,portfolio_diverse,73,41665,12,0,0.43392370897345245,0,budget_or_pool_exhausted,/Users/liyu/Desktop/中文题目/A题研究/advanced_solver/runs/formal_v2/evaluations/attempts/20260925T105259-615f9d97df7e44428774e22c0e64df5b/plan.json
case_018,portfolio_diverse,17,205917,8,0,1.6439757910557091,0,budget_or_pool_exhausted,/Users/liyu/Desktop/中文题目/A题研究/advanced_solver/runs/formal_v2/evaluations/attempts/20260925T105300-1dd9cccd9a9b410bb7a86648b1ffd62c/plan.json
case_081,portfolio_diverse,42,30943,6,0,1.5403044159756973,0,budget_or_pool_exhausted,/Users/liyu/Desktop/中文题目/A题研究/advanced_solver/runs/formal_v2/evaluations/attempts/20260925T105304-d78050906be141afa240b1ee8f4635fa/plan.json
