case,method,name,predicted,status,makespan,added_copy,seconds,record_path
case_047,legacy,p1_joint_r0_phase2_eft_raw,152131.5333333334,success,158429,3907362,3.2325822500279173,/Users/liyu/Desktop/A题P1最新审阅/A题研究/直接迭代/P1多尺度联合优化_20260926/run_v1/arms/case_047/legacy/evaluations/call_01/attempts/20260926T173136-7da47a9f404143eab37aa6db1f82d175/record.json
case_047,legacy,p1_joint_r0_tensor_cap0.25_eft_raw,154645.7333333334,success,160577,3887038,3.189613541937433,/Users/liyu/Desktop/A题P1最新审阅/A题研究/直接迭代/P1多尺度联合优化_20260926/run_v1/arms/case_047/legacy/evaluations/call_02/attempts/20260926T173139-7879394904b1415ca0fcd9d64f1dd08b/record.json
case_047,beam_small,beam_small_merge8_active,155319.66666666672,success,159787,3966906,3.38812737504486,/Users/liyu/Desktop/A题P1最新审阅/A题研究/直接迭代/P1多尺度联合优化_20260926/run_v1/arms/case_047/beam_small/evaluations/call_01/attempts/20260926T173134-131048dd6d5f4ded8a390f83798894fa/record.json
case_047,cpsat_small,cpsat_small_merge8_active,156359.23333333337,success,160007,3966906,3.5882211250718683,/Users/liyu/Desktop/A题P1最新审阅/A题研究/直接迭代/P1多尺度联合优化_20260926/run_v1/arms/case_047/cpsat_small/evaluations/call_01/attempts/20260926T173155-afc869e0f846431e8d3a8767786773b4/record.json
case_047,beam_large,beam_large_merge8_active,156008.56666666665,success,159745,4006080,3.413871540920809,/Users/liyu/Desktop/A题P1最新审阅/A题研究/直接迭代/P1多尺度联合优化_20260926/run_v1/arms/case_047/beam_large/evaluations/call_01/attempts/20260926T173143-6aa164f76f84420faec4a31a1be42b6e/record.json
case_047,multilevel,multilevel_merge8_active,155354.26666666672,success,159135,4006080,3.509014750015922,/Users/liyu/Desktop/A题P1最新审阅/A题研究/直接迭代/P1多尺度联合优化_20260926/run_v1/arms/case_047/multilevel/evaluations/call_01/attempts/20260926T173147-1358512569bb4c45af5683d4b4b1cec1/record.json
case_075,legacy,p1_joint_r0_phase2_eft_raw,387145.7333333327,success,423619,10671628,2.181552082998678,/Users/liyu/Desktop/A题P1最新审阅/A题研究/直接迭代/P1多尺度联合优化_20260926/run_v1/arms/case_075/legacy/evaluations/call_01/attempts/20260926T173152-23debda573b34265a747ca106bf2f543/record.json
case_075,legacy,p1_joint_r0_phase4_eft_raw,387730.36666666606,success,424237,10679820,2.2884075839538127,/Users/liyu/Desktop/A题P1最新审阅/A题研究/直接迭代/P1多尺度联合优化_20260926/run_v1/arms/case_075/legacy/evaluations/call_02/attempts/20260926T173154-1691f93ed72e4a2c9c7acbf8af56bda1/record.json
case_075,beam_small,beam_small_raw,391904.366666666,success,426538,10767500,2.319161249906756,/Users/liyu/Desktop/A题P1最新审阅/A题研究/直接迭代/P1多尺度联合优化_20260926/run_v1/arms/case_075/beam_small/evaluations/call_01/attempts/20260926T173157-02f956d657544ba8b9e656c547e61ee6/record.json
case_075,beam_small,beam_small_merge8_active,392729.8333333327,success,426445,10755212,2.3174350829795003,/Users/liyu/Desktop/A题P1最新审阅/A题研究/直接迭代/P1多尺度联合优化_20260926/run_v1/arms/case_075/beam_small/evaluations/call_02/attempts/20260926T173159-d711e070a0864a4894ed09e256417d15/record.json
case_075,cpsat_small,cpsat_small_merge8_active,394001.6999999993,success,427065,10742924,2.4441949169849977,/Users/liyu/Desktop/A题P1最新审阅/A题研究/直接迭代/P1多尺度联合优化_20260926/run_v1/arms/case_075/cpsat_small/evaluations/call_01/attempts/20260926T173217-f24b5b6f84cd43c3ac86101597b8313a/record.json
case_075,cpsat_small,cpsat_small_raw,394479.29999999935,success,426801,10767500,2.38594829197973,/Users/liyu/Desktop/A题P1最新审阅/A题研究/直接迭代/P1多尺度联合优化_20260926/run_v1/arms/case_075/cpsat_small/evaluations/call_02/attempts/20260926T173219-f257e390843f47a49772b5a90b98f950/record.json
case_075,beam_large,beam_large_raw,394353.5999999994,success,425951,10911244,2.298115583951585,/Users/liyu/Desktop/A题P1最新审阅/A题研究/直接迭代/P1多尺度联合优化_20260926/run_v1/arms/case_075/beam_large/evaluations/call_01/attempts/20260926T173202-97b57c79ed3c41afb34079266dad05c6/record.json
case_075,beam_large,beam_large_merge8_active,395517.2666666661,success,427886,10894860,2.340397041058168,/Users/liyu/Desktop/A题P1最新审阅/A题研究/直接迭代/P1多尺度联合优化_20260926/run_v1/arms/case_075/beam_large/evaluations/call_02/attempts/20260926T173204-17f947ef2b224fd89551234011b3603e/record.json
case_075,multilevel,multilevel_merge8_active,394769.79999999935,success,426342,10911244,2.4361024169484153,/Users/liyu/Desktop/A题P1最新审阅/A题研究/直接迭代/P1多尺度联合优化_20260926/run_v1/arms/case_075/multilevel/evaluations/call_01/attempts/20260926T173208-d4a60c834d1648d88b4adf6003cf9b97/record.json
case_085,legacy,p1_joint_r0_phase2_eft_raw,793496.1666666667,success,876263,23422960,6.147442082990892,/Users/liyu/Desktop/A题P1最新审阅/A题研究/直接迭代/P1多尺度联合优化_20260926/run_v1/arms/case_085/legacy/evaluations/call_01/attempts/20260926T173215-02d396f14cc34b51a062debef067ffd4/record.json
case_085,legacy,p1_joint_r0_tensor_cap0.25_eft_raw,793496.1666666667,success,875987,23398256,5.99277091701515,/Users/liyu/Desktop/A题P1最新审阅/A题研究/直接迭代/P1多尺度联合优化_20260926/run_v1/arms/case_085/legacy/evaluations/call_02/attempts/20260926T173221-ea418a42a30f416a804cd4d7ba331bd5/record.json
case_085,beam_small,beam_small_merge8_active,800673.3999999999,success,876622,23758708,6.3624604169745,/Users/liyu/Desktop/A题P1最新审阅/A题研究/直接迭代/P1多尺度联合优化_20260926/run_v1/arms/case_085/beam_small/evaluations/call_01/attempts/20260926T173222-619f90df8c6e495fa4c5930f661b4699/record.json
case_085,cpsat_small,cpsat_small_merge8_active,814094.9000000003,success,884749,23758708,5.739991916925646,/Users/liyu/Desktop/A题P1最新审阅/A题研究/直接迭代/P1多尺度联合优化_20260926/run_v1/arms/case_085/cpsat_small/evaluations/call_01/attempts/20260926T173245-1dcf2429bd9a4b55866cdfeb46d254f5/record.json
case_085,beam_large,beam_large_merge8_active,802871.9333333333,success,877493,24092792,6.61922787502408,/Users/liyu/Desktop/A题P1最新审阅/A题研究/直接迭代/P1多尺度联合优化_20260926/run_v1/arms/case_085/beam_large/evaluations/call_01/attempts/20260926T173229-5ae4a4894bee484ca7a3f48e20a5aa6d/record.json
case_085,multilevel,multilevel_merge8_active,808823.5000000001,success,878788,24092792,6.821981459041126,/Users/liyu/Desktop/A题P1最新审阅/A题研究/直接迭代/P1多尺度联合优化_20260926/run_v1/arms/case_085/multilevel/evaluations/call_01/attempts/20260926T173237-045d1a7bad0d460b83995f4a8164953e/record.json
