case,problem,cores,policy,allowed_time_regression,makespan,added_copy,actual_time_regression,bytes_saved,plan_member
case_019,2,5,legacy,0,22206,81504,0.0,0,plans/a2793544b545f430005d3dbe1e8ca84ad18612e45e12320d135be40020b25b8c.json
case_019,2,5,legacy,0.01,22206,81504,0.0,0,plans/a2793544b545f430005d3dbe1e8ca84ad18612e45e12320d135be40020b25b8c.json
case_019,2,5,legacy,0.03,22206,81504,0.0,0,plans/a2793544b545f430005d3dbe1e8ca84ad18612e45e12320d135be40020b25b8c.json
case_019,2,5,paired_w200,0,17651,821096,0.0,0,plans/0fa785e2ef6c27974e0a053a34fcbb4fc5933de6f0b0fada09a140a4f8256690.json
case_019,2,5,paired_w200,0.01,17691,817004,0.0022661605574754162,4092,plans/e8a8561b004a2724a443d204239ea446a28a764ef5fb8f6cd1021fb46f66397e.json
case_019,2,5,paired_w200,0.03,17691,817004,0.0022661605574754162,4092,plans/e8a8561b004a2724a443d204239ea446a28a764ef5fb8f6cd1021fb46f66397e.json
case_019,3,5,legacy,0,22206,80224,0.0,0,plans/adf2a40e409992dfdeb74bc07791531d083d46d76370fcd55381b79e8f91634f.json
case_019,3,5,legacy,0.01,22206,80224,0.0,0,plans/adf2a40e409992dfdeb74bc07791531d083d46d76370fcd55381b79e8f91634f.json
case_019,3,5,legacy,0.03,22206,80224,0.0,0,plans/adf2a40e409992dfdeb74bc07791531d083d46d76370fcd55381b79e8f91634f.json
case_019,3,5,paired_w200,0,15716,817004,0.0,0,plans/2dd0d4b4eef9935e5b2469cec87c2b453574e95196055b1d48914765d61a0e26.json
case_019,3,5,paired_w200,0.01,15781,801900,0.0041359124459150465,15104,plans/28ba0ab35eb8aa374a2ca5df2a0c02d0260383b1933f6bc12ab51cb9fe555875.json
case_019,3,5,paired_w200,0.03,15781,801900,0.0041359124459150465,15104,plans/28ba0ab35eb8aa374a2ca5df2a0c02d0260383b1933f6bc12ab51cb9fe555875.json
case_035,2,5,legacy,0,80677,0,0.0,0,plans/f6dcd3f9c7aefb903c9c639befa9cc4eb6cd26a47fb5aed5c4f7e0b81b360481.json
case_035,2,5,legacy,0.01,80677,0,0.0,0,plans/f6dcd3f9c7aefb903c9c639befa9cc4eb6cd26a47fb5aed5c4f7e0b81b360481.json
case_035,2,5,legacy,0.03,80677,0,0.0,0,plans/f6dcd3f9c7aefb903c9c639befa9cc4eb6cd26a47fb5aed5c4f7e0b81b360481.json
case_035,2,5,paired_w200,0,41872,1130592,0.0,0,plans/4e92b9bc9b98b3396de2ba5c9cc11505dd96ffd690504a0cb6bdf11c9c026444.json
case_035,2,5,paired_w200,0.01,41906,1130528,0.0008119984715322381,64,plans/b23b11eaf2f379d7333e7772ca3ad5e239af417c87723a537d2e0136aacbcdd1.json
case_035,2,5,paired_w200,0.03,41906,1130528,0.0008119984715322381,64,plans/b23b11eaf2f379d7333e7772ca3ad5e239af417c87723a537d2e0136aacbcdd1.json
case_035,3,5,legacy,0,40778,1130532,0.0,0,plans/00a42463894648589a3e2949a5e0b85e05b328ad3af558a38c31b66d59dc0e0a.json
case_035,3,5,legacy,0.01,40778,1130532,0.0,0,plans/00a42463894648589a3e2949a5e0b85e05b328ad3af558a38c31b66d59dc0e0a.json
case_035,3,5,legacy,0.03,40778,1130532,0.0,0,plans/00a42463894648589a3e2949a5e0b85e05b328ad3af558a38c31b66d59dc0e0a.json
case_035,3,5,paired_w200,0,40240,1134624,0.0,0,plans/215d302431824927f32c52bde8572281c05d80ef892c572094a6774bd1b3f71b.json
case_035,3,5,paired_w200,0.01,40353,1130528,0.0028081510934394593,4096,plans/22eb50b35ed94700437786f8e1d70a07d01c0351b5fcd7e96c51df277cfdf3b5.json
case_035,3,5,paired_w200,0.03,40353,1130528,0.0028081510934394593,4096,plans/22eb50b35ed94700437786f8e1d70a07d01c0351b5fcd7e96c51df277cfdf3b5.json
case_049,2,5,legacy,0,102732,5301640,0.0,0,plans/5d99ada9b6080d8cb46d6176146cb6fb77a7d8c61e1d4de9353a093b98dcea17.json
case_049,2,5,legacy,0.01,102732,5301640,0.0,0,plans/5d99ada9b6080d8cb46d6176146cb6fb77a7d8c61e1d4de9353a093b98dcea17.json
case_049,2,5,legacy,0.03,102732,5301640,0.0,0,plans/5d99ada9b6080d8cb46d6176146cb6fb77a7d8c61e1d4de9353a093b98dcea17.json
case_049,2,5,paired_w200,0,54056,1791328,0.0,0,plans/3fe5c24dfdaa8e03c5ba804423b1bc2a36e7e76fb8e83a7c3237be245d847744.json
case_049,2,5,paired_w200,0.01,54070,1782048,0.00025899067633572415,9280,plans/b8917dd820c1fce0a2957d68c143e986c85ef64dbf2d3f5c9c7747a8162f7cdf.json
case_049,2,5,paired_w200,0.03,54070,1782048,0.00025899067633572415,9280,plans/b8917dd820c1fce0a2957d68c143e986c85ef64dbf2d3f5c9c7747a8162f7cdf.json
case_049,3,5,legacy,0,95813,5284936,0.0,0,plans/4eb2daf396db9947d662e9aafba9f51a5ed27458f8d5c05ddfbb1c1c18aaa9cb.json
case_049,3,5,legacy,0.01,95813,5284936,0.0,0,plans/4eb2daf396db9947d662e9aafba9f51a5ed27458f8d5c05ddfbb1c1c18aaa9cb.json
case_049,3,5,legacy,0.03,95813,5284936,0.0,0,plans/4eb2daf396db9947d662e9aafba9f51a5ed27458f8d5c05ddfbb1c1c18aaa9cb.json
case_049,3,5,paired_w200,0,52444,1782112,0.0,0,plans/f8a45042edbfcd7c9f028b5545067241dd1e025713a947fb39f8e7870a7c1faa.json
case_049,3,5,paired_w200,0.01,52527,1779424,0.0015826405308518865,2688,plans/6b98ab4107a9290647bc73b8d2ecf064c38608748602718fd6d59882f38881c1.json
case_049,3,5,paired_w200,0.03,52527,1779424,0.0015826405308518865,2688,plans/6b98ab4107a9290647bc73b8d2ecf064c38608748602718fd6d59882f38881c1.json
case_050,2,5,legacy,0,96590,13824,0.0,0,plans/63f4d5ddc46694ecdf9d6988ade95dfbccee5a3d1d4a795475d8ca7c8662f7e0.json
case_050,2,5,legacy,0.01,96590,13824,0.0,0,plans/63f4d5ddc46694ecdf9d6988ade95dfbccee5a3d1d4a795475d8ca7c8662f7e0.json
case_050,2,5,legacy,0.03,96590,13824,0.0,0,plans/63f4d5ddc46694ecdf9d6988ade95dfbccee5a3d1d4a795475d8ca7c8662f7e0.json
case_050,2,5,paired_w200,0,38803,1481220,0.0,0,plans/947280328fb1fd4aaefa49036737c6622594358433f6ea0df0aa64e9aa0d5059.json
case_050,2,5,paired_w200,0.01,38803,1481220,0.0,0,plans/947280328fb1fd4aaefa49036737c6622594358433f6ea0df0aa64e9aa0d5059.json
case_050,2,5,paired_w200,0.03,38803,1481220,0.0,0,plans/947280328fb1fd4aaefa49036737c6622594358433f6ea0df0aa64e9aa0d5059.json
case_050,3,5,legacy,0,96617,16128,0.0,0,plans/f9059cec3aa7024df7bba8fe0818e1e28ee8f7875a04872580aba24166cb7db3.json
case_050,3,5,legacy,0.01,96617,16128,0.0,0,plans/f9059cec3aa7024df7bba8fe0818e1e28ee8f7875a04872580aba24166cb7db3.json
case_050,3,5,legacy,0.03,96617,16128,0.0,0,plans/f9059cec3aa7024df7bba8fe0818e1e28ee8f7875a04872580aba24166cb7db3.json
case_050,3,5,paired_w200,0,34841,1473120,0.0,0,plans/bbb59c5bf2ba2447f020701bdb57fd4b786390fae5c3d7c1027fc70c394e6688.json
case_050,3,5,paired_w200,0.01,34841,1473120,0.0,0,plans/bbb59c5bf2ba2447f020701bdb57fd4b786390fae5c3d7c1027fc70c394e6688.json
case_050,3,5,paired_w200,0.03,34841,1473120,0.0,0,plans/bbb59c5bf2ba2447f020701bdb57fd4b786390fae5c3d7c1027fc70c394e6688.json
case_066,2,5,legacy,0,143083,6000546,0.0,0,plans/83c3bc55b9f5dfab4e0c202480b98971f326edca50c810313ff2494621a04abc.json
case_066,2,5,legacy,0.01,143083,6000546,0.0,0,plans/83c3bc55b9f5dfab4e0c202480b98971f326edca50c810313ff2494621a04abc.json
case_066,2,5,legacy,0.03,143083,6000546,0.0,0,plans/83c3bc55b9f5dfab4e0c202480b98971f326edca50c810313ff2494621a04abc.json
case_066,2,5,paired_w200,0,89257,3267972,0.0,0,plans/ab30ef3613dbce24724996a6b03dea856ce9ef6a90fb1e44820f5b04baf9e1c6.json
case_066,2,5,paired_w200,0.01,89260,3267656,3.3610809236250816e-05,316,plans/577416ade75fe5f1b119daffa73e5e055d46e0ff6cae1e2fd39a489d1de07bb5.json
case_066,2,5,paired_w200,0.03,89260,3267656,3.3610809236250816e-05,316,plans/577416ade75fe5f1b119daffa73e5e055d46e0ff6cae1e2fd39a489d1de07bb5.json
case_066,3,5,legacy,0,124922,6000546,0.0,0,plans/83c3bc55b9f5dfab4e0c202480b98971f326edca50c810313ff2494621a04abc.json
case_066,3,5,legacy,0.01,124922,6000546,0.0,0,plans/83c3bc55b9f5dfab4e0c202480b98971f326edca50c810313ff2494621a04abc.json
case_066,3,5,legacy,0.03,124922,6000546,0.0,0,plans/83c3bc55b9f5dfab4e0c202480b98971f326edca50c810313ff2494621a04abc.json
case_066,3,5,paired_w200,0,81139,3267848,0.0,0,plans/3e876ab88ce3186cf643cf0d9945e26fa539c8f189bb58ddf22447b013918c38.json
case_066,3,5,paired_w200,0.01,81139,3267848,0.0,0,plans/3e876ab88ce3186cf643cf0d9945e26fa539c8f189bb58ddf22447b013918c38.json
case_066,3,5,paired_w200,0.03,83117,3249416,0.02437791937292788,18432,plans/6e6254845afdceb29a8d7ed5726b267a2337e1e290498505e2e2c308d6bed676.json
case_001,2,5,legacy,0,47502,4608,0.0,0,plans/811c489eb7d6113f0afaa4b601c2327b28ff85d87c97f113bb17239be950b2e6.json
case_001,2,5,legacy,0.01,47502,4608,0.0,0,plans/811c489eb7d6113f0afaa4b601c2327b28ff85d87c97f113bb17239be950b2e6.json
case_001,2,5,legacy,0.03,47502,4608,0.0,0,plans/811c489eb7d6113f0afaa4b601c2327b28ff85d87c97f113bb17239be950b2e6.json
case_001,2,5,paired_w200,0,47502,4608,0.0,0,plans/811c489eb7d6113f0afaa4b601c2327b28ff85d87c97f113bb17239be950b2e6.json
case_001,2,5,paired_w200,0.01,47502,4608,0.0,0,plans/811c489eb7d6113f0afaa4b601c2327b28ff85d87c97f113bb17239be950b2e6.json
case_001,2,5,paired_w200,0.03,47502,4608,0.0,0,plans/811c489eb7d6113f0afaa4b601c2327b28ff85d87c97f113bb17239be950b2e6.json
case_001,3,5,legacy,0,47502,4608,0.0,0,plans/811c489eb7d6113f0afaa4b601c2327b28ff85d87c97f113bb17239be950b2e6.json
case_001,3,5,legacy,0.01,47502,4608,0.0,0,plans/811c489eb7d6113f0afaa4b601c2327b28ff85d87c97f113bb17239be950b2e6.json
case_001,3,5,legacy,0.03,47502,4608,0.0,0,plans/811c489eb7d6113f0afaa4b601c2327b28ff85d87c97f113bb17239be950b2e6.json
case_001,3,5,paired_w200,0,47502,4608,0.0,0,plans/811c489eb7d6113f0afaa4b601c2327b28ff85d87c97f113bb17239be950b2e6.json
case_001,3,5,paired_w200,0.01,47502,4608,0.0,0,plans/811c489eb7d6113f0afaa4b601c2327b28ff85d87c97f113bb17239be950b2e6.json
case_001,3,5,paired_w200,0.03,47502,4608,0.0,0,plans/811c489eb7d6113f0afaa4b601c2327b28ff85d87c97f113bb17239be950b2e6.json
case_009,2,5,legacy,0,42596,1332918,0.0,0,plans/732f324d3a391235e96410052c26dedbbdae1629326f4c78bb418bb80ae0bb7e.json
case_009,2,5,legacy,0.01,42596,1332918,0.0,0,plans/732f324d3a391235e96410052c26dedbbdae1629326f4c78bb418bb80ae0bb7e.json
case_009,2,5,legacy,0.03,42596,1332918,0.0,0,plans/732f324d3a391235e96410052c26dedbbdae1629326f4c78bb418bb80ae0bb7e.json
case_009,2,5,paired_w200,0,45261,1428774,0.0,0,plans/310e110a16ec8a27ad86141fb7cb7df936910675212cdddb7e2799415d2a20e7.json
case_009,2,5,paired_w200,0.01,45261,1428774,0.0,0,plans/310e110a16ec8a27ad86141fb7cb7df936910675212cdddb7e2799415d2a20e7.json
case_009,2,5,paired_w200,0.03,46352,1427174,0.0241046375466738,1600,plans/c672eb9f381aee673ff619ebea375a056af15bde7234230750e9b1d1a944ce19.json
case_009,3,5,legacy,0,37274,1327286,0.0,0,plans/466ec3afb693248d5f918cb8877998937a7b7d85102e370f56fcf12a1acbc21f.json
case_009,3,5,legacy,0.01,37274,1327286,0.0,0,plans/466ec3afb693248d5f918cb8877998937a7b7d85102e370f56fcf12a1acbc21f.json
case_009,3,5,legacy,0.03,37274,1327286,0.0,0,plans/466ec3afb693248d5f918cb8877998937a7b7d85102e370f56fcf12a1acbc21f.json
case_009,3,5,paired_w200,0,41281,1428774,0.0,0,plans/310e110a16ec8a27ad86141fb7cb7df936910675212cdddb7e2799415d2a20e7.json
case_009,3,5,paired_w200,0.01,41281,1428774,0.0,0,plans/310e110a16ec8a27ad86141fb7cb7df936910675212cdddb7e2799415d2a20e7.json
case_009,3,5,paired_w200,0.03,42003,1406758,0.017489886388411202,22016,plans/bba0c7506f08beb8b94eca4d90ba9323ce667721061f67b41bd8706de0c4fe11.json
case_023,2,5,legacy,0,17694,280992,0.0,0,plans/aa419f2cabd50dc4e40fb3797195d3e2b652aea3b9de413323c89155bd90f98d.json
case_023,2,5,legacy,0.01,17694,280992,0.0,0,plans/aa419f2cabd50dc4e40fb3797195d3e2b652aea3b9de413323c89155bd90f98d.json
case_023,2,5,legacy,0.03,17694,280992,0.0,0,plans/aa419f2cabd50dc4e40fb3797195d3e2b652aea3b9de413323c89155bd90f98d.json
case_023,2,5,paired_w200,0,17694,280992,0.0,0,plans/aa419f2cabd50dc4e40fb3797195d3e2b652aea3b9de413323c89155bd90f98d.json
case_023,2,5,paired_w200,0.01,17694,280992,0.0,0,plans/aa419f2cabd50dc4e40fb3797195d3e2b652aea3b9de413323c89155bd90f98d.json
case_023,2,5,paired_w200,0.03,17694,280992,0.0,0,plans/aa419f2cabd50dc4e40fb3797195d3e2b652aea3b9de413323c89155bd90f98d.json
case_023,3,5,legacy,0,16725,280992,0.0,0,plans/aa419f2cabd50dc4e40fb3797195d3e2b652aea3b9de413323c89155bd90f98d.json
case_023,3,5,legacy,0.01,16725,280992,0.0,0,plans/aa419f2cabd50dc4e40fb3797195d3e2b652aea3b9de413323c89155bd90f98d.json
case_023,3,5,legacy,0.03,16725,280992,0.0,0,plans/aa419f2cabd50dc4e40fb3797195d3e2b652aea3b9de413323c89155bd90f98d.json
case_023,3,5,paired_w200,0,16725,280992,0.0,0,plans/aa419f2cabd50dc4e40fb3797195d3e2b652aea3b9de413323c89155bd90f98d.json
case_023,3,5,paired_w200,0.01,16725,280992,0.0,0,plans/aa419f2cabd50dc4e40fb3797195d3e2b652aea3b9de413323c89155bd90f98d.json
case_023,3,5,paired_w200,0.03,16725,280992,0.0,0,plans/aa419f2cabd50dc4e40fb3797195d3e2b652aea3b9de413323c89155bd90f98d.json
case_025,2,5,legacy,0,942350,118272,0.0,0,plans/9c60bb2359e412cc005ccb9ca6d0e61767371262575c1dc8c0ee8a15224c23d4.json
case_025,2,5,legacy,0.01,942938,110592,0.0006239719849312486,7680,plans/c7b7c79a1105825d864864a1f45a3ee16960f02f7e4cc0821f4a283ede83cff8.json
case_025,2,5,legacy,0.03,942938,110592,0.0006239719849312486,7680,plans/c7b7c79a1105825d864864a1f45a3ee16960f02f7e4cc0821f4a283ede83cff8.json
case_025,2,5,paired_w200,0,942350,118272,0.0,0,plans/9c60bb2359e412cc005ccb9ca6d0e61767371262575c1dc8c0ee8a15224c23d4.json
case_025,2,5,paired_w200,0.01,942938,110592,0.0006239719849312486,7680,plans/c7b7c79a1105825d864864a1f45a3ee16960f02f7e4cc0821f4a283ede83cff8.json
case_025,2,5,paired_w200,0.03,942938,110592,0.0006239719849312486,7680,plans/c7b7c79a1105825d864864a1f45a3ee16960f02f7e4cc0821f4a283ede83cff8.json
case_025,3,5,legacy,0,942350,118272,0.0,0,plans/9c60bb2359e412cc005ccb9ca6d0e61767371262575c1dc8c0ee8a15224c23d4.json
case_025,3,5,legacy,0.01,942938,110592,0.0006239719849312486,7680,plans/c7b7c79a1105825d864864a1f45a3ee16960f02f7e4cc0821f4a283ede83cff8.json
case_025,3,5,legacy,0.03,942938,110592,0.0006239719849312486,7680,plans/c7b7c79a1105825d864864a1f45a3ee16960f02f7e4cc0821f4a283ede83cff8.json
case_025,3,5,paired_w200,0,942350,118272,0.0,0,plans/9c60bb2359e412cc005ccb9ca6d0e61767371262575c1dc8c0ee8a15224c23d4.json
case_025,3,5,paired_w200,0.01,942938,110592,0.0006239719849312486,7680,plans/c7b7c79a1105825d864864a1f45a3ee16960f02f7e4cc0821f4a283ede83cff8.json
case_025,3,5,paired_w200,0.03,942938,110592,0.0006239719849312486,7680,plans/c7b7c79a1105825d864864a1f45a3ee16960f02f7e4cc0821f4a283ede83cff8.json
case_028,2,5,legacy,0,8032082,22602240,0.0,0,plans/05b026fb2cdecf1f8aa3377653f92b653abaca5b14ccf3b217feb9bb6108df48.json
case_028,2,5,legacy,0.01,8032082,22602240,0.0,0,plans/05b026fb2cdecf1f8aa3377653f92b653abaca5b14ccf3b217feb9bb6108df48.json
case_028,2,5,legacy,0.03,8032082,22602240,0.0,0,plans/05b026fb2cdecf1f8aa3377653f92b653abaca5b14ccf3b217feb9bb6108df48.json
case_028,2,5,paired_w200,0,8032082,22602240,0.0,0,plans/05b026fb2cdecf1f8aa3377653f92b653abaca5b14ccf3b217feb9bb6108df48.json
case_028,2,5,paired_w200,0.01,8032082,22602240,0.0,0,plans/05b026fb2cdecf1f8aa3377653f92b653abaca5b14ccf3b217feb9bb6108df48.json
case_028,2,5,paired_w200,0.03,8032082,22602240,0.0,0,plans/05b026fb2cdecf1f8aa3377653f92b653abaca5b14ccf3b217feb9bb6108df48.json
case_028,3,5,legacy,0,7970583,22602240,0.0,0,plans/05b026fb2cdecf1f8aa3377653f92b653abaca5b14ccf3b217feb9bb6108df48.json
case_028,3,5,legacy,0.01,7970583,22602240,0.0,0,plans/05b026fb2cdecf1f8aa3377653f92b653abaca5b14ccf3b217feb9bb6108df48.json
case_028,3,5,legacy,0.03,7970583,22602240,0.0,0,plans/05b026fb2cdecf1f8aa3377653f92b653abaca5b14ccf3b217feb9bb6108df48.json
case_028,3,5,paired_w200,0,7970583,22602240,0.0,0,plans/05b026fb2cdecf1f8aa3377653f92b653abaca5b14ccf3b217feb9bb6108df48.json
case_028,3,5,paired_w200,0.01,7970583,22602240,0.0,0,plans/05b026fb2cdecf1f8aa3377653f92b653abaca5b14ccf3b217feb9bb6108df48.json
case_028,3,5,paired_w200,0.03,7970583,22602240,0.0,0,plans/05b026fb2cdecf1f8aa3377653f92b653abaca5b14ccf3b217feb9bb6108df48.json
case_037,2,5,legacy,0,43013,778240,0.0,0,plans/4aa7e2d81681ee56802a32a8224932b5ae960a12353369f4a7f1d735b45ec629.json
case_037,2,5,legacy,0.01,43013,778240,0.0,0,plans/4aa7e2d81681ee56802a32a8224932b5ae960a12353369f4a7f1d735b45ec629.json
case_037,2,5,legacy,0.03,43013,778240,0.0,0,plans/4aa7e2d81681ee56802a32a8224932b5ae960a12353369f4a7f1d735b45ec629.json
case_037,2,5,paired_w200,0,43013,778240,0.0,0,plans/4aa7e2d81681ee56802a32a8224932b5ae960a12353369f4a7f1d735b45ec629.json
case_037,2,5,paired_w200,0.01,43013,778240,0.0,0,plans/4aa7e2d81681ee56802a32a8224932b5ae960a12353369f4a7f1d735b45ec629.json
case_037,2,5,paired_w200,0.03,43013,778240,0.0,0,plans/4aa7e2d81681ee56802a32a8224932b5ae960a12353369f4a7f1d735b45ec629.json
case_037,3,5,legacy,0,43013,778240,0.0,0,plans/4aa7e2d81681ee56802a32a8224932b5ae960a12353369f4a7f1d735b45ec629.json
case_037,3,5,legacy,0.01,43013,778240,0.0,0,plans/4aa7e2d81681ee56802a32a8224932b5ae960a12353369f4a7f1d735b45ec629.json
case_037,3,5,legacy,0.03,43013,778240,0.0,0,plans/4aa7e2d81681ee56802a32a8224932b5ae960a12353369f4a7f1d735b45ec629.json
case_037,3,5,paired_w200,0,43013,1925120,0.0,0,plans/835411a285f111e337d65cc86240498f8ed145c5267ae7ead080ca6454ebe3f9.json
case_037,3,5,paired_w200,0.01,43013,1925120,0.0,0,plans/835411a285f111e337d65cc86240498f8ed145c5267ae7ead080ca6454ebe3f9.json
case_037,3,5,paired_w200,0.03,43013,1925120,0.0,0,plans/835411a285f111e337d65cc86240498f8ed145c5267ae7ead080ca6454ebe3f9.json
case_046,2,5,legacy,0,77846,2791200,0.0,0,plans/06766164545d1f3344b98cd9509bc23f12b77e8a71bda5520df692562dfa3f7d.json
case_046,2,5,legacy,0.01,77846,2791200,0.0,0,plans/06766164545d1f3344b98cd9509bc23f12b77e8a71bda5520df692562dfa3f7d.json
case_046,2,5,legacy,0.03,77846,2791200,0.0,0,plans/06766164545d1f3344b98cd9509bc23f12b77e8a71bda5520df692562dfa3f7d.json
case_046,2,5,paired_w200,0,77846,2791200,0.0,0,plans/06766164545d1f3344b98cd9509bc23f12b77e8a71bda5520df692562dfa3f7d.json
case_046,2,5,paired_w200,0.01,77846,2791200,0.0,0,plans/06766164545d1f3344b98cd9509bc23f12b77e8a71bda5520df692562dfa3f7d.json
case_046,2,5,paired_w200,0.03,77846,2791200,0.0,0,plans/06766164545d1f3344b98cd9509bc23f12b77e8a71bda5520df692562dfa3f7d.json
case_046,3,5,legacy,0,77846,2791200,0.0,0,plans/06766164545d1f3344b98cd9509bc23f12b77e8a71bda5520df692562dfa3f7d.json
case_046,3,5,legacy,0.01,77846,2791200,0.0,0,plans/06766164545d1f3344b98cd9509bc23f12b77e8a71bda5520df692562dfa3f7d.json
case_046,3,5,legacy,0.03,77846,2791200,0.0,0,plans/06766164545d1f3344b98cd9509bc23f12b77e8a71bda5520df692562dfa3f7d.json
case_046,3,5,paired_w200,0,77846,2791200,0.0,0,plans/06766164545d1f3344b98cd9509bc23f12b77e8a71bda5520df692562dfa3f7d.json
case_046,3,5,paired_w200,0.01,77846,2791200,0.0,0,plans/06766164545d1f3344b98cd9509bc23f12b77e8a71bda5520df692562dfa3f7d.json
case_046,3,5,paired_w200,0.03,77846,2791200,0.0,0,plans/06766164545d1f3344b98cd9509bc23f12b77e8a71bda5520df692562dfa3f7d.json
case_053,2,5,legacy,0,374457,3247692,0.0,0,plans/f97ef2fe0e4f32ddbe897621aaa8b9306df0e35ded4fcfbd87dcf4ce7a479805.json
case_053,2,5,legacy,0.01,374457,3247692,0.0,0,plans/f97ef2fe0e4f32ddbe897621aaa8b9306df0e35ded4fcfbd87dcf4ce7a479805.json
case_053,2,5,legacy,0.03,374457,3247692,0.0,0,plans/f97ef2fe0e4f32ddbe897621aaa8b9306df0e35ded4fcfbd87dcf4ce7a479805.json
case_053,2,5,paired_w200,0,374457,3247692,0.0,0,plans/f97ef2fe0e4f32ddbe897621aaa8b9306df0e35ded4fcfbd87dcf4ce7a479805.json
case_053,2,5,paired_w200,0.01,374457,3247692,0.0,0,plans/f97ef2fe0e4f32ddbe897621aaa8b9306df0e35ded4fcfbd87dcf4ce7a479805.json
case_053,2,5,paired_w200,0.03,374457,3247692,0.0,0,plans/f97ef2fe0e4f32ddbe897621aaa8b9306df0e35ded4fcfbd87dcf4ce7a479805.json
case_053,3,5,legacy,0,374457,3247692,0.0,0,plans/f97ef2fe0e4f32ddbe897621aaa8b9306df0e35ded4fcfbd87dcf4ce7a479805.json
case_053,3,5,legacy,0.01,374457,3247692,0.0,0,plans/f97ef2fe0e4f32ddbe897621aaa8b9306df0e35ded4fcfbd87dcf4ce7a479805.json
case_053,3,5,legacy,0.03,374457,3247692,0.0,0,plans/f97ef2fe0e4f32ddbe897621aaa8b9306df0e35ded4fcfbd87dcf4ce7a479805.json
case_053,3,5,paired_w200,0,374457,3247692,0.0,0,plans/f97ef2fe0e4f32ddbe897621aaa8b9306df0e35ded4fcfbd87dcf4ce7a479805.json
case_053,3,5,paired_w200,0.01,374457,3247692,0.0,0,plans/f97ef2fe0e4f32ddbe897621aaa8b9306df0e35ded4fcfbd87dcf4ce7a479805.json
case_053,3,5,paired_w200,0.03,374457,3247692,0.0,0,plans/f97ef2fe0e4f32ddbe897621aaa8b9306df0e35ded4fcfbd87dcf4ce7a479805.json
case_071,2,5,legacy,0,9399,377650,0.0,0,plans/2d990d886c16c21f1a4b046c64af4bbd722f560d2b2c02d5c5ea977be922c071.json
case_071,2,5,legacy,0.01,9399,377650,0.0,0,plans/2d990d886c16c21f1a4b046c64af4bbd722f560d2b2c02d5c5ea977be922c071.json
case_071,2,5,legacy,0.03,9399,377650,0.0,0,plans/2d990d886c16c21f1a4b046c64af4bbd722f560d2b2c02d5c5ea977be922c071.json
case_071,2,5,paired_w200,0,9232,360050,0.0,0,plans/b588dcf5d27475b25c1e525b5c67faa6cfc441fb95b22496e67d174f68871159.json
case_071,2,5,paired_w200,0.01,9232,360050,0.0,0,plans/b588dcf5d27475b25c1e525b5c67faa6cfc441fb95b22496e67d174f68871159.json
case_071,2,5,paired_w200,0.03,9232,360050,0.0,0,plans/b588dcf5d27475b25c1e525b5c67faa6cfc441fb95b22496e67d174f68871159.json
case_071,3,5,legacy,0,7982,362354,0.0,0,plans/7d07ed19b7455b14d7a72cce497f599a098701cbcb62a492183c61b9f7a65dff.json
case_071,3,5,legacy,0.01,7982,362354,0.0,0,plans/7d07ed19b7455b14d7a72cce497f599a098701cbcb62a492183c61b9f7a65dff.json
case_071,3,5,legacy,0.03,7982,362354,0.0,0,plans/7d07ed19b7455b14d7a72cce497f599a098701cbcb62a492183c61b9f7a65dff.json
case_071,3,5,paired_w200,0,7942,361586,0.0,0,plans/50c45ec4b549100ac2b1eb43bf6fc579c7482c2c3e58ef45e13c76a000b3879d.json
case_071,3,5,paired_w200,0.01,7986,359282,0.005540166204986097,2304,plans/a51df8c725204357493b8d84c6d2b5bd2300360197ade12699620b4c638249cc.json
case_071,3,5,paired_w200,0.03,8129,356978,0.023545706371191244,4608,plans/43bc3c7a7e78a71c3d13150f2851881ad3ba8ea1885ee52cb3e076bd97b091e8.json
case_095,2,5,legacy,0,220188,0,0.0,0,plans/51f798d4c5e9bdad79964b2049ab3a8fb50a166ef79fc04747291d0797b1d982.json
case_095,2,5,legacy,0.01,220188,0,0.0,0,plans/51f798d4c5e9bdad79964b2049ab3a8fb50a166ef79fc04747291d0797b1d982.json
case_095,2,5,legacy,0.03,220188,0,0.0,0,plans/51f798d4c5e9bdad79964b2049ab3a8fb50a166ef79fc04747291d0797b1d982.json
case_095,2,5,paired_w200,0,220188,0,0.0,0,plans/51f798d4c5e9bdad79964b2049ab3a8fb50a166ef79fc04747291d0797b1d982.json
case_095,2,5,paired_w200,0.01,220188,0,0.0,0,plans/51f798d4c5e9bdad79964b2049ab3a8fb50a166ef79fc04747291d0797b1d982.json
case_095,2,5,paired_w200,0.03,220188,0,0.0,0,plans/51f798d4c5e9bdad79964b2049ab3a8fb50a166ef79fc04747291d0797b1d982.json
case_095,3,5,legacy,0,220188,0,0.0,0,plans/51f798d4c5e9bdad79964b2049ab3a8fb50a166ef79fc04747291d0797b1d982.json
case_095,3,5,legacy,0.01,220188,0,0.0,0,plans/51f798d4c5e9bdad79964b2049ab3a8fb50a166ef79fc04747291d0797b1d982.json
case_095,3,5,legacy,0.03,220188,0,0.0,0,plans/51f798d4c5e9bdad79964b2049ab3a8fb50a166ef79fc04747291d0797b1d982.json
case_095,3,5,paired_w200,0,220188,0,0.0,0,plans/51f798d4c5e9bdad79964b2049ab3a8fb50a166ef79fc04747291d0797b1d982.json
case_095,3,5,paired_w200,0.01,220188,0,0.0,0,plans/51f798d4c5e9bdad79964b2049ab3a8fb50a166ef79fc04747291d0797b1d982.json
case_095,3,5,paired_w200,0.03,220188,0,0.0,0,plans/51f798d4c5e9bdad79964b2049ab3a8fb50a166ef79fc04747291d0797b1d982.json
