config_id,case,problem,cores,group,variant,completed,valid,attempt_count,recovered,first_attempt_valid,calls,failures,cache_hits,seconds,deadline_overrun_seconds,logged_generation_seconds,generation_errors,generation_timeouts,total_recorded_calls_including_recovery,total_recorded_failures_including_recovery,recorded_evaluation_seconds_including_recovery,unresolved_evaluation_attempts,summary,original_singlecore,makespan,added_copy,raw_speedup,statement_speedup,hit_bytes,miss_bytes,byte_hit_rate,plan_sha256,max_reported_depth,evaluated_branch_count
case_060_p2_n5,case_060,2,5,frozen_regression,legacy,True,True,1,False,True,24,0,0,113.26471866801148,0.0,60.833145242970204,0,0,24,0,51.59192274603993,0,configurations/case_060_p2_n5/legacy/attempt_001/summary.json,888789.0,162261,3554692,5.477526947325605,5.477526947325605,0,0,,69b6aa548d471449814fcd031b653883572869877a26f6da7dee12dd7a3ad4e3,0,0
case_060_p2_n5,case_060,2,5,frozen_regression,persistent,True,True,1,False,True,24,0,0,77.31242774700513,0.0,26.63028199406108,0,0,24,0,50.003808856068645,0,configurations/case_060_p2_n5/persistent/attempt_001/summary.json,888789.0,164455,3644800,5.404451065641057,5.404451065641057,0,0,,c94610c6820f26b2b2dd11bc0d73edc1e5d8ceadc706087c198802b84200aece,3,5
case_060_p2_n5,case_060,2,5,frozen_regression,mature,True,True,1,False,True,24,0,0,48.33651985100005,0.0,5.115580320998561,0,0,24,0,41.73702255185344,0,configurations/case_060_p2_n5/mature/attempt_001/summary.json,888789.0,163289,3740032,5.443042703427665,5.443042703427665,0,0,,79276bc069933aecd9feb1e3d223f5d8e3bdea621b99ec064eb4654bd68b0cf5,0,0
case_047_p3_n4,case_047,3,4,core_regression,legacy,True,True,1,False,True,8,0,0,240.02410141099244,0.02410141099244356,188.03178197404486,0,15,8,0,50.02535585404257,0,configurations/case_047_p3_n4/legacy/attempt_001/summary.json,326508.0,90017,2114418,3.6271815323772176,3.6271815323772176,661648,1066200,0.3829318319667008,c98f373c52aefafcedd0ce4c29cd66f7f0d7cd4fe65f0918771b8b9bf1b03d60,0,0
case_047_p3_n4,case_047,3,4,core_regression,persistent,True,True,1,False,True,24,0,0,160.97464296099497,0.0,53.444321520015365,0,0,24,0,105.7515444639721,0,configurations/case_047_p3_n4/persistent/attempt_001/summary.json,326508.0,90017,2114418,3.6271815323772176,3.6271815323772176,661648,1066200,0.3829318319667008,40cdea136e03e8a5ea1d82d4c9aa87c426eea3a271b5911e3b0cceaa00a1157a,2,4
case_047_p3_n4,case_047,3,4,core_regression,mature,True,True,1,False,True,24,0,0,150.1862770470034,0.0,3.1984169560309965,0,0,24,0,142.85156586195808,0,configurations/case_047_p3_n4/mature/attempt_001/summary.json,326508.0,91015,2152850,3.5874086689007307,3.5874086689007307,714642,1031654,0.4092330280777142,205c697a7cd5b255a45e15701764696801d4ff5643b5dca89ba177facfec4b43,0,0
case_025_p3_n5,case_025,3,5,existing_regression,legacy,True,True,1,False,True,11,1,0,240.01780441598385,0.01780441598384641,108.88548108906252,0,6,11,1,129.7688322570757,0,configurations/case_025_p3_n5/legacy/attempt_001/summary.json,4863026.0,942350,118272,5.160530588422561,5.160530588422561,46080,4191744,0.010873504893077202,9c60bb2359e412cc005ccb9ca6d0e61767371262575c1dc8c0ee8a15224c23d4,0,0
case_025_p3_n5,case_025,3,5,existing_regression,persistent,True,True,1,False,True,18,0,0,240.08733214301174,0.08733214301173575,91.18321222107625,0,3,18,0,147.15383201590157,0,configurations/case_025_p3_n5/persistent/attempt_001/summary.json,4863026.0,942938,110592,5.157312569861433,5.157312569861433,0,4233216,0.0,c7b7c79a1105825d864864a1f45a3ee16960f02f7e4cc0821f4a283ede83cff8,2,3
case_025_p3_n5,case_025,3,5,existing_regression,mature,True,True,1,False,True,23,1,0,240.8091000310087,0.8091000310087111,15.69405108501087,0,0,23,1,218.33815252000932,0,configurations/case_025_p3_n5/mature/attempt_001/summary.json,4863026.0,942350,118272,5.160530588422561,5.160530588422561,46080,4191744,0.010873504893077202,9c60bb2359e412cc005ccb9ca6d0e61767371262575c1dc8c0ee8a15224c23d4,0,0
case_047_p3_n1,case_047,3,1,core_regression,legacy,True,True,1,False,True,6,0,0,95.55559362602071,0.0,56.44442864894518,0,4,6,0,38.529962428990984,0,configurations/case_047_p3_n1/legacy/attempt_001/summary.json,326508.0,277066,0,1.178448456324486,1.0,0,457286,0.0,400a057303f1a07af8b4726b5b91c234660c58109ea02ec870ca7e7934ab204d,0,0
case_047_p3_n1,case_047,3,1,core_regression,persistent,True,True,1,False,True,8,0,0,58.012863774987636,0.0,24.138133723958163,0,0,8,0,33.32859685001313,0,configurations/case_047_p3_n1/persistent/attempt_001/summary.json,326508.0,277066,0,1.178448456324486,1.0,0,457286,0.0,400a057303f1a07af8b4726b5b91c234660c58109ea02ec870ca7e7934ab204d,1,1
case_047_p3_n1,case_047,3,1,core_regression,mature,True,True,1,False,True,10,0,0,65.21428776200628,0.0,2.144377805001568,0,0,10,0,61.52351378102321,0,configurations/case_047_p3_n1/mature/attempt_001/summary.json,326508.0,277066,0,1.178448456324486,1.0,0,457286,0.0,400a057303f1a07af8b4726b5b91c234660c58109ea02ec870ca7e7934ab204d,0,0
case_053_p3_n5,case_053,3,5,existing_regression,legacy,True,True,1,False,True,12,0,0,240.04167719298857,0.04167719298857264,164.07060755998828,0,11,12,0,73.76327467593364,0,configurations/case_053_p3_n5/legacy/attempt_001/summary.json,1472686.0,325708,10044262,4.521491642821177,4.521491642821177,4259634,5960322,0.4167957278876739,1a221f824a6412dc74ff29a0e9d5e5f9b7068f4e60fe4f386a26e5db4741ff36,0,0
case_053_p3_n5,case_053,3,5,existing_regression,persistent,True,True,1,False,True,24,0,0,162.67605401700712,0.0,60.562932203989476,0,0,24,0,100.76635962809087,0,configurations/case_053_p3_n5/persistent/attempt_001/summary.json,1472686.0,325708,10044262,4.521491642821177,4.521491642821177,4259634,5960322,0.4167957278876739,1a221f824a6412dc74ff29a0e9d5e5f9b7068f4e60fe4f386a26e5db4741ff36,3,5
case_053_p3_n5,case_053,3,5,existing_regression,mature,True,True,1,False,True,24,0,0,115.83366296198801,0.0,13.99276606895728,0,0,24,0,100.34733770307503,0,configurations/case_053_p3_n5/mature/attempt_001/summary.json,1472686.0,374457,3247692,3.932857444245935,3.932857444245935,124616,5948282,0.020520021907168538,f97ef2fe0e4f32ddbe897621aaa8b9306df0e35ded4fcfbd87dcf4ce7a479805,0,0
case_095_p2_n5,case_095,2,5,existing_regression,legacy,True,True,1,False,True,24,0,0,93.79000224999618,0.0,53.87678577401675,0,0,24,0,38.82163686098647,0,configurations/case_095_p2_n5/legacy/attempt_001/summary.json,2084853.0,217302,0,9.594265124112985,9.594265124112985,0,0,,1470210382f2c188b1f6aebfc4e2e8e5387a8b3d9762e65b0c09a7618e0f5e59,0,0
case_095_p2_n5,case_095,2,5,existing_regression,persistent,True,True,1,False,True,24,0,0,56.27486912201857,0.0,15.581031200097641,0,0,24,0,40.07927380691399,0,configurations/case_095_p2_n5/persistent/attempt_001/summary.json,2084853.0,220188,0,9.468513270477954,9.468513270477954,0,0,,51f798d4c5e9bdad79964b2049ab3a8fb50a166ef79fc04747291d0797b1d982,1,3
case_095_p2_n5,case_095,2,5,existing_regression,mature,True,True,1,False,True,24,0,0,47.77061532699736,0.0,3.2453877739899326,0,0,24,0,43.77125216406421,0,configurations/case_095_p2_n5/mature/attempt_001/summary.json,2084853.0,220188,0,9.468513270477954,9.468513270477954,0,0,,51f798d4c5e9bdad79964b2049ab3a8fb50a166ef79fc04747291d0797b1d982,0,0
case_047_p3_n3,case_047,3,3,core_regression,legacy,True,True,1,False,True,12,0,0,240.07363979998627,0.07363979998626746,168.012884862168,0,11,12,0,71.04459639193374,0,configurations/case_047_p3_n3/legacy/attempt_001/summary.json,326508.0,108619,1560748,3.0059934265644133,3.0059934265644133,447628,941142,0.3223197505706488,1edd1b4919434ee4b3196ae46eb30a8d82c2bc4670e9ec820e3367d72df2bd3e,0,0
case_047_p3_n3,case_047,3,3,core_regression,persistent,True,True,1,False,True,24,0,0,189.8328265240125,0.0,79.57208703295328,0,0,24,0,108.74478606801131,0,configurations/case_047_p3_n3/persistent/attempt_001/summary.json,326508.0,104462,1709964,3.1256150561926823,3.1256150561926823,381452,1084486,0.2602101862425287,885fc12c73f41c52715b2571b3b6cba145001f201f07cd8f69105f7134e210f9,3,5
case_047_p3_n3,case_047,3,3,core_regression,mature,True,True,1,False,True,24,0,0,144.8789275510062,0.0,2.6767021650157403,0,0,24,0,137.15031349295168,0,configurations/case_047_p3_n3/mature/attempt_001/summary.json,326508.0,108690,1560748,3.004029809550097,3.004029809550097,447628,941142,0.3223197505706488,f55abb57a0dace50b82a6d3b8ae273fcbd287f214e14cfb5b30cca5a63b85f55,0,0
case_054_p1_n5,case_054,1,5,development,legacy,True,True,1,False,True,15,1,0,240.01415262802038,0.014152628020383418,68.05760655805352,0,1,15,1,171.2347702109837,0,configurations/case_054_p1_n5/legacy/attempt_001/summary.json,815051.0,329736,6116212,2.4718289783341825,2.4718289783341825,0,0,,d977cf17037f28f9fd00e6015f8e83c47e3f8948a80c23dcc956e42839ac0e37,0,0
case_054_p1_n5,case_054,1,5,development,persistent,True,True,1,False,True,12,1,0,240.0323591020133,0.032359102013288066,51.14977880596416,0,1,12,1,188.23516211501556,0,configurations/case_054_p1_n5/persistent/attempt_001/summary.json,815051.0,461210,6842858,1.76720149172828,1.76720149172828,0,0,,d2e090983ae8bf3050edb99542b55d3924c47de8b53481ee8f81e7b3cdbf27f0,1,3
case_054_p1_n5,case_054,1,5,development,mature,True,True,1,False,True,5,1,0,240.17292675899807,0.17292675899807364,0.0,0,0,5,1,227.6597159160301,0,configurations/case_054_p1_n5/mature/attempt_001/summary.json,815051.0,517986,1130496,1.573500055986069,1.573500055986069,0,0,,0c08de0e2afb73fc95a0f619c529fae1cdfd1f5e9408e3bba11acd3bb599e253,0,0
case_085_p1_n5,case_085,1,5,development,legacy,True,True,1,False,True,14,1,0,240.032392410998,0.03239241099799983,56.83738532807911,0,0,14,1,182.13659487501718,0,configurations/case_085_p1_n5/legacy/attempt_001/summary.json,3187899.0,2218649,26722630,1.4368649570076204,1.4368649570076204,0,0,,ed419e9c19f45c42d743b70fe2f27e741a8b9c80ec0131ad0afd288f30f3cde8,0,0
case_085_p1_n5,case_085,1,5,development,persistent,True,True,1,False,True,10,1,0,240.0383589020057,0.03835890200571157,51.85745005105855,0,2,10,1,187.46019500799594,0,configurations/case_085_p1_n5/persistent/attempt_001/summary.json,3187899.0,2081783,29487924,1.5313310753330198,1.5313310753330198,0,0,,310e7cabf5c32f033c7e5981bfca6c2da3b830258fe3225f64a36ec6f40817a7,2,3
case_085_p1_n5,case_085,1,5,development,mature,True,True,1,False,True,6,3,0,246.34888332997798,6.34888332997798,0.0,0,0,6,3,217.0115617629781,0,configurations/case_085_p1_n5/mature/attempt_001/summary.json,3187899.0,2760933,4246258,1.1546455491676184,1.1546455491676184,0,0,,fbf894f47eb0c027e5c0d88c46ff00df2ebb804f78ee043e4cb23ecb9d2d6b49,0,0
case_060_p2_n4,case_060,2,4,core_regression,legacy,True,True,1,False,True,24,0,0,113.21648469302454,0.0,66.57875624092412,0,0,24,0,45.74371067507309,0,configurations/case_060_p2_n4/legacy/attempt_001/summary.json,888789.0,194109,3814784,4.578813965349365,4.578813965349365,0,0,,4743c111fdedcbfe2164e59cf9755acb4599eacdd41be3358847012cfb873b55,0,0
case_060_p2_n4,case_060,2,4,core_regression,persistent,True,True,1,False,True,24,0,0,69.18483765999554,0.0,23.402984237967758,0,0,24,0,44.24887677497463,0,configurations/case_060_p2_n4/persistent/attempt_001/summary.json,888789.0,194770,3841408,4.563274631616779,4.563274631616779,0,0,,7d33d97673ea1e92f47c06f6f8a761c985d9e7586e06e57363abbf2fe7c57674,2,4
case_060_p2_n4,case_060,2,4,core_regression,mature,True,True,1,False,True,24,0,0,45.01116213100613,0.0,5.157757427019533,0,0,24,0,39.13851670199074,0,configurations/case_060_p2_n4/mature/attempt_001/summary.json,888789.0,194395,3667328,4.572077471128373,4.572077471128373,0,0,,bb336d27f5f85359ce4116fcc486ce90db32d5092c4cd9b1702d7c5fd6bcc0fb,0,0
case_025_p2_n5,case_025,2,5,existing_regression,legacy,True,True,1,False,True,16,0,0,240.01648258100613,0.016482581006130204,125.26757019603974,0,9,16,0,112.79623984202044,0,configurations/case_025_p2_n5/legacy/attempt_001/summary.json,4863026.0,942179,125952,5.161467194662586,5.161467194662586,0,0,,6dd72eac0b4325eb3472e1f8e1b09bce7edaf5fff4183f2a7a69cc9f48059e70,0,0
case_025_p2_n5,case_025,2,5,existing_regression,persistent,True,True,1,False,True,20,1,0,240.03898031500285,0.0389803150028456,83.07955026003765,0,2,20,1,155.53128328415914,0,configurations/case_025_p2_n5/persistent/attempt_001/summary.json,4863026.0,942350,118272,5.160530588422561,5.160530588422561,0,0,,9c60bb2359e412cc005ccb9ca6d0e61767371262575c1dc8c0ee8a15224c23d4,2,3
case_025_p2_n5,case_025,2,5,existing_regression,mature,True,True,1,False,True,24,0,0,154.18980512200505,0.0,12.167508371960139,0,0,24,0,140.38974044509814,0,configurations/case_025_p2_n5/mature/attempt_001/summary.json,4863026.0,942350,118272,5.160530588422561,5.160530588422561,0,0,,9c60bb2359e412cc005ccb9ca6d0e61767371262575c1dc8c0ee8a15224c23d4,0,0
case_060_p2_n1,case_060,2,1,core_regression,legacy,True,True,1,False,True,24,0,0,94.96500131802168,0.0,43.84043145197211,0,0,24,0,50.40007162792608,0,configurations/case_060_p2_n1/legacy/attempt_001/summary.json,888789.0,731696,2064512,1.2146970873149505,1.0,0,0,,192309ebec0fda4c48e78d863331208d1b792e4d1696f895c348aacc112df8d1,0,0
case_060_p2_n1,case_060,2,1,core_regression,persistent,True,True,1,False,True,7,0,0,18.693347433989402,0.0,9.137604545947397,0,0,7,0,9.37617860402679,0,configurations/case_060_p2_n1/persistent/attempt_001/summary.json,888789.0,731696,2064512,1.2146970873149505,1.0,0,0,,192309ebec0fda4c48e78d863331208d1b792e4d1696f895c348aacc112df8d1,0,1
case_060_p2_n1,case_060,2,1,core_regression,mature,True,True,1,False,True,24,0,0,61.67478783399565,0.0,12.895336006971775,0,0,24,0,47.92561734103947,0,configurations/case_060_p2_n1/mature/attempt_001/summary.json,888789.0,727354,2259072,1.2219483222749858,1.0,0,0,,e104042897f5fd3b906bca7c55fc11210f9ab17ae54820603d0efeeddf0a8638,0,0
case_060_p1_n2,case_060,1,2,core_regression,legacy,True,True,1,False,True,24,0,0,90.10560161300236,0.0,11.46943423288758,0,0,24,0,78.23201714796596,0,configurations/case_060_p1_n2/legacy/attempt_001/summary.json,888789.0,434183,4645000,2.047037769788315,2.047037769788315,0,0,,389424e8956bf58ea802f36d87b3235a33fac3eb4cd47be665ebfe89447bea69,0,0
case_060_p1_n2,case_060,1,2,core_regression,persistent,True,True,1,False,True,24,0,0,170.35703612299403,0.0,44.21329611478723,0,0,24,0,125.47651086200494,0,configurations/case_060_p1_n2/persistent/attempt_001/summary.json,888789.0,439467,5009664,2.022424891971411,2.022424891971411,0,0,,1888883fab825e64f398ca08eff87d0aad2ca37307b0d55473b907433debf41d,2,5
case_060_p1_n2,case_060,1,2,core_regression,mature,True,True,1,False,True,24,0,0,80.09123062898288,0.0,0.0,0,0,24,0,68.98284530796809,0,configurations/case_060_p1_n2/mature/attempt_001/summary.json,888789.0,437641,2497668,2.0308631960899457,2.0308631960899457,0,0,,c6261ee1623fe650273093a0884a2faa57ef7536ec457e069a504cd6e07a1fc9,0,0
case_003_p1_n5,case_003,1,5,development,legacy,True,True,1,False,True,21,0,0,240.0511828440067,0.051182844006689265,74.29466489009792,0,1,21,0,165.0233576548926,0,configurations/case_003_p1_n5/legacy/attempt_001/summary.json,602212.0,332321,12163194,1.8121394675629887,1.8121394675629887,0,0,,ffef0ff9863ff5f196e95ea8db3f609050169138e5da7aa36f625e871cdbd6ee,0,0
case_003_p1_n5,case_003,1,5,development,persistent,True,True,1,False,True,17,1,0,240.03449868399184,0.03449868399184197,54.54477520901128,0,0,17,1,184.63237957801903,0,configurations/case_003_p1_n5/persistent/attempt_001/summary.json,602212.0,375962,9615732,1.6017895425601523,1.6017895425601523,0,0,,5adb4cff8f516b46ae2c2bf13f5d999a7a872d89f541fc58d21eb466b14687c2,2,3
case_003_p1_n5,case_003,1,5,development,mature,True,True,1,False,True,17,0,0,242.01905887201428,2.019058872014284,0.0,0,0,17,0,181.28386607402354,0,configurations/case_003_p1_n5/mature/attempt_001/summary.json,602212.0,221109,9306974,2.723597863497189,2.723597863497189,0,0,,c75cfa46a6ffb5c7eb7c05bf65f1aae606f7b703590fddfe1c8a2909c65dc199,0,0
case_047_p3_n2,case_047,3,2,core_regression,legacy,True,True,1,False,True,24,0,0,199.0321198849997,0.0,106.92271937895566,0,2,24,0,90.79197757894872,0,configurations/case_047_p3_n2/legacy/attempt_001/summary.json,326508.0,149574,903366,2.1829194913554493,2.1829194913554493,165446,826246,0.16683204059324871,f07acd578cbe36a5e4a830d865f93e2f15d7e3b500c97b178705185036fbe769,0,0
case_047_p3_n2,case_047,3,2,core_regression,persistent,True,True,1,False,True,24,0,0,168.02514490199974,0.0,61.31033537106123,0,0,24,0,104.64162429512362,0,configurations/case_047_p3_n2/persistent/attempt_001/summary.json,326508.0,150257,902790,2.1729969319233047,2.1729969319233047,165446,825958,0.1668805048194278,6b2138899e57128c1ab09d723785b164f716d7db92404f10514d0b621f90509f,2,5
case_047_p3_n2,case_047,3,2,core_regression,mature,True,True,1,False,True,24,0,0,95.65448569800355,0.0,1.7389643979840912,0,0,24,0,90.36845653905766,0,configurations/case_047_p3_n2/mature/attempt_001/summary.json,326508.0,155794,762886,2.0957674878365022,2.0957674878365022,135686,770918,0.1496640208955619,878cf3ddac91c9f15bc59ffeeb3f6073dce5c5daf72fbedeb736fc26f1ab60c2,0,0
case_035_p2_n5,case_035,2,5,development,legacy,True,True,1,False,True,24,0,0,40.647629647981375,0.0,20.223999081994407,0,0,24,0,19.85365249501774,0,configurations/case_035_p2_n5/legacy/attempt_001/summary.json,169571.0,41448,1126424,4.091174483690407,4.091174483690407,0,0,,4ca7b5f1a28499cf6f18479837d8039365556f2275900db0aabe91d7d369e51b,0,0
case_035_p2_n5,case_035,2,5,development,persistent,True,True,1,False,True,24,0,0,32.654893336002715,0.0,12.011776470957557,0,0,24,0,20.01204909401713,0,configurations/case_035_p2_n5/persistent/attempt_001/summary.json,169571.0,41934,1130528,4.043759240711594,4.043759240711594,0,0,,17d129cd251ccd0c3322ed2458322508350d22aab01618648385c5ae8d0951ff,2,5
case_035_p2_n5,case_035,2,5,development,mature,True,True,1,False,True,24,0,0,18.186851252015913,0.0,1.9969653080333956,0,0,24,0,15.804003483004635,0,configurations/case_035_p2_n5/mature/attempt_001/summary.json,169571.0,80677,0,2.10185058938731,2.10185058938731,0,0,,f6dcd3f9c7aefb903c9c639befa9cc4eb6cd26a47fb5aed5c4f7e0b81b360481,0,0
case_037_p3_n5,case_037,3,5,existing_regression,legacy,True,True,1,False,True,24,0,0,9.64071422201232,0.0,3.8630378840316553,0,0,24,0,5.491388504044153,0,configurations/case_037_p3_n5/legacy/attempt_001/summary.json,210001.0,43013,1761280,4.882268151489085,4.882268151489085,1452032,841728,0.6330357142857143,b24e722afdcbc9388e069bc9b8af60b6aa43a1dd9304f518ab53d4fd1f7dd633,0,0
case_037_p3_n5,case_037,3,5,existing_regression,persistent,True,True,1,False,True,24,0,0,9.314579402998788,0.0,2.4911129779648036,0,0,24,0,6.45367556202109,0,configurations/case_037_p3_n5/persistent/attempt_001/summary.json,210001.0,43013,1925120,4.882268151489085,4.882268151489085,1579008,878592,0.6425,835411a285f111e337d65cc86240498f8ed145c5267ae7ead080ca6454ebe3f9,2,5
case_037_p3_n5,case_037,3,5,existing_regression,mature,True,True,1,False,True,24,0,0,6.128262171987444,0.0,0.5813591780024581,0,0,24,0,5.294738373951986,0,configurations/case_037_p3_n5/mature/attempt_001/summary.json,210001.0,43013,778240,4.882268151489085,4.882268151489085,448512,862208,0.3421875,4aa7e2d81681ee56802a32a8224932b5ae960a12353369f4a7f1d735b45ec629,0,0
case_028_p3_n5,case_028,3,5,existing_regression,legacy,True,True,1,False,True,11,1,0,240.04653468498145,0.0465346849814523,136.93040969205322,0,8,11,1,102.19647164200433,0,configurations/case_028_p3_n5/legacy/attempt_001/summary.json,43836040.0,7900566,114332160,5.548468299612964,5.548468299612964,8913480,56633400,0.13598633527637013,d529a40c57bb9028e7ad52e5cff84a5c5e26e71a3156454ab78aa39a3fa09a2e,0,0
case_028_p3_n5,case_028,3,5,existing_regression,persistent,True,True,1,False,True,16,1,0,240.04448453200166,0.04448453200166114,94.5757365958707,0,5,16,1,144.3437600619509,0,configurations/case_028_p3_n5/persistent/attempt_001/summary.json,43836040.0,7911691,114332160,5.540666337954806,5.540666337954806,8880168,56666712,0.13547811886698496,ecabbe76baad2407456c2dd66ffdfba892bcaf15ae3face60f44c58ba053df68,2,3
case_028_p3_n5,case_028,3,5,existing_regression,mature,True,True,1,False,True,24,0,0,140.8974304739968,0.0,7.0744638320175,0,0,24,0,132.29548817293835,0,configurations/case_028_p3_n5/mature/attempt_001/summary.json,43836040.0,7970583,22602240,5.499728188013348,5.499728188013348,6441552,13185072,0.3282047895756295,05b026fb2cdecf1f8aa3377653f92b653abaca5b14ccf3b217feb9bb6108df48,0,0
case_049_p2_n5,case_049,2,5,development,legacy,True,True,1,False,True,24,0,0,40.573018919996684,0.0,17.287411182071082,0,0,24,0,22.735587500035763,0,configurations/case_049_p2_n5/legacy/attempt_001/summary.json,196276.0,53502,1789276,3.6685731374528054,3.6685731374528054,0,0,,2bcdd62ebaf4c2d5663460b2b720cadf48082c869eb1f69e776053813958dfe5,0,0
case_049_p2_n5,case_049,2,5,development,persistent,True,True,1,False,True,24,0,0,37.77988276700489,0.0,13.156961307919119,0,0,24,0,23.976765728002647,0,configurations/case_049_p2_n5/persistent/attempt_001/summary.json,196276.0,54069,1782112,3.630102276720487,3.630102276720487,0,0,,0223d62433fb47a5308f280a82612403bfc5d6126fceb504b0dc3eff45fd3a65,2,4
case_049_p2_n5,case_049,2,5,development,mature,True,True,1,False,True,24,0,0,30.128168553987052,0.0,1.6286746090336237,0,0,24,0,27.83400470003835,0,configurations/case_049_p2_n5/mature/attempt_001/summary.json,196276.0,102732,5301640,1.9105634077015925,1.9105634077015925,0,0,,5d99ada9b6080d8cb46d6176146cb6fb77a7d8c61e1d4de9353a093b98dcea17,0,0
case_060_p1_n1,case_060,1,1,core_regression,legacy,True,True,1,False,True,24,0,0,61.05289091201848,0.0,9.222636937047355,0,0,24,0,51.43627112908871,0,configurations/case_060_p1_n1/legacy/attempt_001/summary.json,888789.0,877445,4307204,1.0129284456575627,1.0,0,0,,3972a67f62ba9e8f593a742140ef9586827d88f6b702a69edf6b2f482de62af1,0,0
case_060_p1_n1,case_060,1,1,core_regression,persistent,True,True,1,False,True,24,0,0,99.72348750699894,0.0,31.85518815999967,0,0,24,0,67.10290174899274,0,configurations/case_060_p1_n1/persistent/attempt_001/summary.json,888789.0,879646,3073036,1.010393953931468,1.0,0,0,,d689fdf8181c51297e81557111ca1cc8af1916cdc82470efe08032c17763a9f8,1,5
case_060_p1_n1,case_060,1,1,core_regression,mature,True,True,1,False,True,24,0,0,57.11777910601813,0.0,0.0,0,0,24,0,48.742786863964284,0,configurations/case_060_p1_n1/mature/attempt_001/summary.json,888789.0,870161,4423808,1.0214075326290193,1.0,0,0,,c0fba9c7829b79bfc848a4da6f126e5ae023cac553b6c8ba8e37d225d5565298,0,0
case_060_p1_n3,case_060,1,3,core_regression,legacy,True,True,1,False,True,24,0,0,106.89110415999312,0.0,10.786755284032552,0,0,24,0,95.71621603899985,0,configurations/case_060_p1_n3/legacy/attempt_001/summary.json,888789.0,291536,4061440,3.0486423632072883,3.0486423632072883,0,0,,6fb89b87a618464c6df4fb33dd1da07cf9eec93adc70b0ecaabcf821e818e3a0,0,0
case_060_p1_n3,case_060,1,3,core_regression,persistent,True,True,1,False,True,24,0,0,178.9923312299943,0.0,44.19901808304712,0,0,24,0,134.10858309300966,0,configurations/case_060_p1_n3/persistent/attempt_001/summary.json,888789.0,294664,5753216,3.0162795590910325,3.0162795590910325,0,0,,1af1c093bebfb227973f633aee82073787e1eb5230da2bfbcbb5e15c31d4a498,3,5
case_060_p1_n3,case_060,1,3,core_regression,mature,True,True,1,False,True,24,0,0,69.32237744898885,0.0,0.0,0,0,24,0,58.468148679996375,0,configurations/case_060_p1_n3/mature/attempt_001/summary.json,888789.0,291413,6191488,3.049929138370629,3.049929138370629,0,0,,7a4909279244b5e2b942b4d4cfef804cc52fb2504ae7ab7d17ccdf84aa508ab0,0,0
case_028_p2_n5,case_028,2,5,existing_regression,legacy,True,True,1,False,True,11,0,0,240.02617528199335,0.02617528199334629,135.98841489697224,0,10,11,0,103.03257456893334,0,configurations/case_028_p2_n5/legacy/attempt_001/summary.json,43836040.0,7913518,114332160,5.539387160046897,5.539387160046897,0,0,,f3a642d44bf18faa7156bcc37bc0ec28b8785cb3556badc56e35fe05aa194449,0,0
case_028_p2_n5,case_028,2,5,existing_regression,persistent,True,True,1,False,True,19,1,0,240.04709513200214,0.04709513200214133,87.76890507084318,0,3,19,1,150.407872525946,0,configurations/case_028_p2_n5/persistent/attempt_001/summary.json,43836040.0,8029486,22663680,5.4593830788172495,5.4593830788172495,0,0,,9cd1639e98341a6dedd17c48efcfbacdd9dbbc7cbd44f3a4dfe5e9f8c5a78c2f,3,4
case_028_p2_n5,case_028,2,5,existing_regression,mature,True,True,1,False,True,24,0,0,130.29873949900502,0.0,6.8817248480336275,0,0,24,0,121.89583930908702,0,configurations/case_028_p2_n5/mature/attempt_001/summary.json,43836040.0,8032082,22602240,5.457618585069226,5.457618585069226,0,0,,05b026fb2cdecf1f8aa3377653f92b653abaca5b14ccf3b217feb9bb6108df48,0,0
case_016_p1_n5,case_016,1,5,development,legacy,True,True,1,False,True,14,1,0,240.02493931597564,0.024939315975643694,23.913402456935728,0,0,14,1,215.62227435188834,0,configurations/case_016_p1_n5/legacy/attempt_001/summary.json,7715523.0,3304638,119557168,2.3347558794639536,2.3347558794639536,0,0,,387aafb24488d34fdf17bf4f8678440bfec73621c0732ce8f022205948c50d9d,0,0
case_016_p1_n5,case_016,1,5,development,persistent,True,True,1,False,True,13,1,0,240.03738143798546,0.03738143798545934,58.07662559306482,0,1,13,1,181.3358430020162,0,configurations/case_016_p1_n5/persistent/attempt_001/summary.json,7715523.0,3304638,119557168,2.3347558794639536,2.3347558794639536,0,0,,387aafb24488d34fdf17bf4f8678440bfec73621c0732ce8f022205948c50d9d,2,4
case_016_p1_n5,case_016,1,5,development,mature,True,True,1,False,True,9,1,0,240.0974573160056,0.09745731600560248,0.0,0,0,9,1,217.45599277806468,0,configurations/case_016_p1_n5/mature/attempt_001/summary.json,7715523.0,3303634,119622704,2.335465429887209,2.335465429887209,0,0,,d8bd70b2d0d96be56df688ac9481f4bd23b1a546785b2ae5e8fea3acb59fde38,0,0
case_023_p3_n5,case_023,3,5,existing_regression,legacy,True,True,1,False,True,24,0,0,9.713984564004932,0.0,4.424918971082661,0,0,24,0,4.945692753070034,0,configurations/case_023_p3_n5/legacy/attempt_001/summary.json,122614.0,17376,280992,7.0565147329650095,7.0565147329650095,233120,481994,0.32598998201685325,39a596a1c84530fe309d74548b9150997fd84f308fdd48f5dc129e44e56de57b,0,0
case_023_p3_n5,case_023,3,5,existing_regression,persistent,True,True,1,False,True,24,0,0,9.047857208002824,0.0,2.6547576100565493,0,0,24,0,5.996630328998435,0,configurations/case_023_p3_n5/persistent/attempt_001/summary.json,122614.0,16725,280992,7.33118086696562,7.33118086696562,92576,622538,0.129456282494819,aa419f2cabd50dc4e40fb3797195d3e2b652aea3b9de413323c89155bd90f98d,3,3
case_023_p3_n5,case_023,3,5,existing_regression,mature,True,True,1,False,True,24,0,0,5.08826141199097,0.0,0.6782692359702196,0,0,24,0,4.187572792870924,0,configurations/case_023_p3_n5/mature/attempt_001/summary.json,122614.0,16725,280992,7.33118086696562,7.33118086696562,92576,622538,0.129456282494819,aa419f2cabd50dc4e40fb3797195d3e2b652aea3b9de413323c89155bd90f98d,0,0
case_095_p3_n5,case_095,3,5,existing_regression,legacy,True,True,1,False,True,24,0,0,49.645837569987634,0.0,25.10666690900689,0,0,24,0,23.66267419696669,0,configurations/case_095_p3_n5/legacy/attempt_001/summary.json,2084853.0,217302,0,9.594265124112985,9.594265124112985,0,8516508,0.0,1470210382f2c188b1f6aebfc4e2e8e5387a8b3d9762e65b0c09a7618e0f5e59,0,0
case_095_p3_n5,case_095,3,5,existing_regression,persistent,True,True,1,False,True,24,0,0,59.117344956001034,0.0,18.572113356989576,0,0,24,0,39.929469656024594,0,configurations/case_095_p3_n5/persistent/attempt_001/summary.json,2084853.0,220188,0,9.468513270477954,9.468513270477954,0,8516508,0.0,51f798d4c5e9bdad79964b2049ab3a8fb50a166ef79fc04747291d0797b1d982,2,3
case_095_p3_n5,case_095,3,5,existing_regression,mature,True,True,1,False,True,24,0,0,29.476135261997115,0.0,1.9795205350092147,0,0,24,0,26.775410270056454,0,configurations/case_095_p3_n5/mature/attempt_001/summary.json,2084853.0,220188,0,9.468513270477954,9.468513270477954,0,8516508,0.0,51f798d4c5e9bdad79964b2049ab3a8fb50a166ef79fc04747291d0797b1d982,0,0
case_058_p1_n5,case_058,1,5,development,legacy,True,True,1,False,True,17,3,0,240.0319542939833,0.03195429398328997,15.819058729044627,0,0,17,3,223.710414220026,0,configurations/case_058_p1_n5/legacy/attempt_001/summary.json,4539717.0,1004819,32104448,4.517945022934478,4.517945022934478,0,0,,3c83f5ad93be315a3211979e2451b7c887ce56259eda999b214cba8730e13b93,0,0
case_058_p1_n5,case_058,1,5,development,persistent,True,True,1,False,True,13,3,0,240.03021714399802,0.030217143998015672,30.509193298901664,0,0,13,3,208.862473101035,0,configurations/case_058_p1_n5/persistent/attempt_001/summary.json,4539717.0,1004819,32104448,4.517945022934478,4.517945022934478,0,0,,3c83f5ad93be315a3211979e2451b7c887ce56259eda999b214cba8730e13b93,1,2
case_058_p1_n5,case_058,1,5,development,mature,True,True,1,False,True,8,2,0,240.09347403500578,0.09347403500578366,0.0,0,0,8,2,223.92136711697094,0,configurations/case_058_p1_n5/mature/attempt_001/summary.json,4539717.0,937334,36671488,4.843222373241555,4.843222373241555,0,0,,5b2d975ba53edd13501f2732ad6432609646f60554a3a2e4bac90951f2d7886f,0,0
case_012_p1_n5,case_012,1,5,frozen_regression,legacy,True,True,1,False,True,24,0,0,9.096245909982827,0.0,1.8832388851151336,0,0,24,0,6.94398481209646,0,configurations/case_012_p1_n5/legacy/attempt_001/summary.json,59088.0,14006,59328,4.218763387119806,4.218763387119806,0,0,,0759f5181ae697ffcaf5e55a02c36cc6a007154c7673dc88033755921d875991,0,0
case_012_p1_n5,case_012,1,5,frozen_regression,persistent,True,True,1,False,True,24,0,0,13.286967983993236,0.0,3.891777291923063,0,0,24,0,9.000914842967177,0,configurations/case_012_p1_n5/persistent/attempt_001/summary.json,59088.0,14006,59328,4.218763387119806,4.218763387119806,0,0,,0759f5181ae697ffcaf5e55a02c36cc6a007154c7673dc88033755921d875991,3,5
case_012_p1_n5,case_012,1,5,frozen_regression,mature,True,True,1,False,True,24,0,0,8.096334618981928,0.0,0.0,0,0,24,0,5.8890255740552675,0,configurations/case_012_p1_n5/mature/attempt_001/summary.json,59088.0,12786,27648,4.62130455185359,4.62130455185359,0,0,,e4036cf7ad9569c347aa89ecf51248c41973901e1eb877762d52d4b44b5d76d6,0,0
case_071_p2_n5,case_071,2,5,existing_regression,legacy,True,True,1,False,True,24,0,0,6.249715789977927,0.0,1.7116216279973742,0,0,24,0,4.201402560051065,0,configurations/case_071_p2_n5/legacy/attempt_001/summary.json,18919.0,8779,317298,2.15502904658845,2.15502904658845,0,0,,cf793a8f1905863450c2e3247ec47f24e5c53c625042993da806c945829a894a,0,0
case_071_p2_n5,case_071,2,5,existing_regression,persistent,True,True,1,False,True,24,0,0,5.6609896199952345,0.0,1.300737154087983,0,0,24,0,3.9408068430493586,0,configurations/case_071_p2_n5/persistent/attempt_001/summary.json,18919.0,9296,361586,2.0351764199655764,2.0351764199655764,0,0,,50c45ec4b549100ac2b1eb43bf6fc579c7482c2c3e58ef45e13c76a000b3879d,3,5
case_071_p2_n5,case_071,2,5,existing_regression,mature,True,True,1,False,True,24,0,0,4.307859941996867,0.0,0.1231939340068493,0,0,24,0,4.02149657998234,0,configurations/case_071_p2_n5/mature/attempt_001/summary.json,18919.0,9399,377650,2.0128737099691456,2.0128737099691456,0,0,,2d990d886c16c21f1a4b046c64af4bbd722f560d2b2c02d5c5ea977be922c071,0,0
case_042_p3_n5,case_042,3,5,frozen_regression,legacy,True,True,1,False,True,24,0,0,78.60477815099875,0.0,42.589051183837,0,0,24,0,35.474131104012486,0,configurations/case_042_p3_n5/legacy/attempt_001/summary.json,1686740.0,343838,14425492,4.905624160214985,4.905624160214985,408728,9409618,0.04162900757418816,eee706f102b843bb8cb17771864a0fe0e588b15ebd1b2233be59add32ef4e661,0,0
case_042_p3_n5,case_042,3,5,frozen_regression,persistent,True,True,1,False,True,24,0,0,50.25784640701022,0.0,16.611953153973445,0,0,24,0,32.872563482960686,0,configurations/case_042_p3_n5/persistent/attempt_001/summary.json,1686740.0,344200,14417428,4.900464846019756,4.900464846019756,391448,9414226,0.039920560279691125,194357b6a4b51b65fd9e3d8f6833ce1b79d5a5f35d1451a826330fc1734232d2,1,4
case_042_p3_n5,case_042,3,5,frozen_regression,mature,True,True,1,False,True,24,0,0,27.30410549498629,0.0,3.716229234007187,0,0,24,0,23.078415521013085,0,configurations/case_042_p3_n5/mature/attempt_001/summary.json,1686740.0,347203,8738816,4.858080143316734,4.858080143316734,2810880,7489312,0.27289588388255287,c78f17cbe3b0e6efb15845e933dd727aa1175c859024621fe09bc0810892b89b,0,0
case_047_p1_n4,case_047,1,4,core_regression,legacy,True,True,1,False,True,24,0,0,185.23802366200835,0.0,77.7760753679031,0,0,24,0,106.69574874005048,0,configurations/case_047_p1_n4/legacy/attempt_001/summary.json,326508.0,177160,3621560,1.843011966583879,1.843011966583879,0,0,,ecb2aa285ef9d361bd7075ead4f7e2176abd2a878e359037b316a571a53bcb4a,0,0
case_047_p1_n4,case_047,1,4,core_regression,persistent,True,True,1,False,True,24,0,0,190.68710457900306,0.0,43.768753211101284,0,0,24,0,145.85563305401593,0,configurations/case_047_p1_n4/persistent/attempt_001/summary.json,326508.0,311363,3358234,1.048640975324621,1.048640975324621,0,0,,c723dee66a9704c9b50d71fec9caf9eb0e3fe70f24f2d5ca58c1479f97319152,2,5
case_047_p1_n4,case_047,1,4,core_regression,mature,True,True,1,False,True,22,1,0,240.13916876900475,0.13916876900475472,0.0,0,0,22,1,179.2482176599733,0,configurations/case_047_p1_n4/mature/attempt_001/summary.json,326508.0,162413,3828672,2.0103563138418723,2.0103563138418723,0,0,,837e192f4d6d301c4066119bcf280a2875b065b249621fcdfa8e7e1b39ede0eb,0,0
case_087_p1_n5,case_087,1,5,development,legacy,True,True,1,False,True,12,3,0,240.03479113499634,0.03479113499633968,41.276116268039914,0,0,12,3,198.08165175296017,0,configurations/case_087_p1_n5/legacy/attempt_001/summary.json,3974071.0,879581,31002804,4.518141023964819,4.518141023964819,0,0,,1d446ce0c130715155dc56f65fb61a64819038cffb0f2bb6eed4d850a54eb6c8,0,0
case_087_p1_n5,case_087,1,5,development,persistent,True,True,1,False,True,10,3,0,240.03929154301295,0.03929154301295057,52.14165142798447,0,1,10,3,187.06730777196935,0,configurations/case_087_p1_n5/persistent/attempt_001/summary.json,3974071.0,835614,32684724,4.755869336799049,4.755869336799049,0,0,,62ff54cc83453a58bcfeeca86c5818ec0df657f3db9ab65cb4472501f6728339,2,2
case_087_p1_n5,case_087,1,5,development,mature,True,False,1,False,False,4,4,0,240.12868518399773,0.12868518399773166,0.0,0,0,4,4,235.5113542409381,0,configurations/case_087_p1_n5/mature/attempt_001/summary.json,3974071.0,,,,,,,,,0,0
case_037_p2_n5,case_037,2,5,existing_regression,legacy,True,True,1,False,True,24,0,0,9.038087654014817,0.0,4.171237103000749,0,0,24,0,4.58793197691557,0,configurations/case_037_p2_n5/legacy/attempt_001/summary.json,210001.0,43662,1761280,4.809697219550181,4.809697219550181,0,0,,b24e722afdcbc9388e069bc9b8af60b6aa43a1dd9304f518ab53d4fd1f7dd633,0,0
case_037_p2_n5,case_037,2,5,existing_regression,persistent,True,True,1,False,True,24,0,0,7.841200622991892,0.0,1.9236489480535965,0,0,24,0,5.548141854029382,0,configurations/case_037_p2_n5/persistent/attempt_001/summary.json,210001.0,43013,1761280,4.882268151489085,4.882268151489085,0,0,,47bb902741c3110ed3f0d3f072eae5162afebc5f0d4c3c15d7ce7bf4af9bc2fd,2,3
case_037_p2_n5,case_037,2,5,existing_regression,mature,True,True,1,False,True,24,0,0,5.761161981004989,0.0,0.721348897961434,0,0,24,0,4.8383072440337855,0,configurations/case_037_p2_n5/mature/attempt_001/summary.json,210001.0,43013,778240,4.882268151489085,4.882268151489085,0,0,,4aa7e2d81681ee56802a32a8224932b5ae960a12353369f4a7f1d735b45ec629,0,0
case_012_p2_n5,case_012,2,5,frozen_regression,legacy,True,True,1,False,True,24,0,0,9.042185290978523,0.0,4.1571986219787505,0,0,24,0,4.596582833968569,0,configurations/case_012_p2_n5/legacy/attempt_001/summary.json,59088.0,13127,49536,4.501256951321704,4.501256951321704,0,0,,810d734504290cd92647c2b92ed9a2da4a332d44b7aef5f200b8a8e05768214c,0,0
case_012_p2_n5,case_012,2,5,frozen_regression,persistent,True,True,1,False,True,24,0,0,8.784244255017256,0.0,2.571062284958316,0,0,24,0,5.848320145974867,0,configurations/case_012_p2_n5/persistent/attempt_001/summary.json,59088.0,12954,65920,4.561371005094951,4.561371005094951,0,0,,b6a806ccb09622cce2bad7d452d1eaffe59da1e342b5c48af39c38e86896fba6,4,3
case_012_p2_n5,case_012,2,5,frozen_regression,mature,True,True,1,False,True,24,0,0,5.402679174003424,0.0,0.9253597469942179,0,0,24,0,4.22888164606411,0,configurations/case_012_p2_n5/mature/attempt_001/summary.json,59088.0,12279,49536,4.812118250671879,4.812118250671879,0,0,,295689f2c0d8888fca27a1a7d53048a57434f4f644d0c699302b64194798f41d,0,0
case_009_p2_n5,case_009,2,5,existing_regression,legacy,True,True,1,False,True,24,0,0,55.530840747989714,0.0,27.52559763804311,0,0,24,0,27.35435841808794,0,configurations/case_009_p2_n5/legacy/attempt_001/summary.json,153261.0,44455,1431902,3.4475537059948262,3.4475537059948262,0,0,,13b039b198e7d2ee646884a6f101a3dc4e0d97622531b5b9d1a967aa023b03f9,0,0
case_009_p2_n5,case_009,2,5,existing_regression,persistent,True,True,1,False,True,24,0,0,44.868217784998706,0.0,16.560641207004664,0,0,24,0,27.515493363898713,0,configurations/case_009_p2_n5/persistent/attempt_001/summary.json,153261.0,42596,1332918,3.598013898018593,3.598013898018593,0,0,,732f324d3a391235e96410052c26dedbbdae1629326f4c78bb418bb80ae0bb7e,2,4
case_009_p2_n5,case_009,2,5,existing_regression,mature,True,True,1,False,True,24,0,0,28.544770245003747,0.0,2.358539262000704,0,0,24,0,25.734084801952122,0,configurations/case_009_p2_n5/mature/attempt_001/summary.json,153261.0,42596,1332918,3.598013898018593,3.598013898018593,0,0,,732f324d3a391235e96410052c26dedbbdae1629326f4c78bb418bb80ae0bb7e,0,0
case_060_p1_n5,case_060,1,5,frozen_regression,legacy,True,True,1,False,True,24,0,0,116.96633221601951,0.0,9.178700882999692,0,0,24,0,107.3807730700355,0,configurations/case_060_p1_n5/legacy/attempt_001/summary.json,888789.0,183430,3628416,4.845385160551709,4.845385160551709,0,0,,b0cc5a75afecb617f88cd5ee64bcfc9cbf01e827627f6057d991cfa84826d1f0,0,0
case_060_p1_n5,case_060,1,5,frozen_regression,persistent,True,True,1,False,True,24,0,0,195.2614139399957,0.0,48.259012145892484,0,0,24,0,146.259093124012,0,configurations/case_060_p1_n5/persistent/attempt_001/summary.json,888789.0,179213,5589632,4.9594002667217225,4.9594002667217225,0,0,,e08ae4ab20d79a7c6e48cfcb215cf63ebbf57c7e367b96a2fb20f72cd5506c70,2,5
case_060_p1_n5,case_060,1,5,frozen_regression,mature,True,True,1,False,True,24,0,0,109.74607485099114,0.0,0.0,0,0,24,0,98.20739604404662,0,configurations/case_060_p1_n5/mature/attempt_001/summary.json,888789.0,183430,3628416,4.845385160551709,4.845385160551709,0,0,,b0cc5a75afecb617f88cd5ee64bcfc9cbf01e827627f6057d991cfa84826d1f0,0,0
case_060_p2_n3,case_060,2,3,core_regression,legacy,True,True,1,False,True,24,0,0,74.00275797399809,0.0,43.991701458988246,0,0,24,0,29.40668545285007,0,configurations/case_060_p2_n3/legacy/attempt_001/summary.json,888789.0,318020,3425536,2.794758191308723,2.794758191308723,0,0,,f18200570598215eaf87449c0cd75a0efaeb7a37e043557dc24962ec658e5e6f,0,0
case_060_p2_n3,case_060,2,3,core_regression,persistent,True,True,1,False,True,24,0,0,69.60169238800881,0.0,23.056669644080102,0,0,24,0,45.915821175905876,0,configurations/case_060_p2_n3/persistent/attempt_001/summary.json,888789.0,319994,3840260,2.77751770345694,2.77751770345694,0,0,,1c46b8f9270335cb78b930b4d576c638702e9953f2fb821f6d962ddb84941d8a,2,5
case_060_p2_n3,case_060,2,3,core_regression,mature,True,True,1,False,True,24,0,0,29.251340396993328,0.0,5.331171327008633,0,0,24,0,23.385636399994837,0,configurations/case_060_p2_n3/mature/attempt_001/summary.json,888789.0,244858,2287748,3.629814014653391,3.629814014653391,0,0,,3d8161d5625deeb71d593387460ffc1d5965632a2b941cab0db454d1d8fb51af,0,0
case_049_p3_n5,case_049,3,5,development,legacy,True,True,1,False,True,24,0,0,45.186051863012835,0.0,22.639396288024727,0,0,24,0,21.963724090135656,0,configurations/case_049_p3_n5/legacy/attempt_001/summary.json,196276.0,52472,1778976,3.740585455099863,3.740585455099863,251572,823328,0.23404223648711509,f0b00a6ee33d0ea13205f0dbabe9207107e372935b5da78bc747e6a56c532c02,0,0
case_049_p3_n5,case_049,3,5,development,persistent,True,True,1,False,True,24,0,0,39.36613695000415,0.0,14.19260316801956,0,0,24,0,24.480021002033027,0,configurations/case_049_p3_n5/persistent/attempt_001/summary.json,196276.0,52489,1782112,3.739373964068662,3.739373964068662,251158,825822,0.23320581626399747,0223d62433fb47a5308f280a82612403bfc5d6126fceb504b0dc3eff45fd3a65,2,5
case_049_p3_n5,case_049,3,5,development,mature,True,True,1,False,True,24,0,0,30.8586329970276,0.0,1.7002973069611471,0,0,24,0,28.22698738204781,0,configurations/case_049_p3_n5/mature/attempt_001/summary.json,196276.0,95813,5284936,2.0485320363624977,2.0485320363624977,430072,2392176,0.1523863246603417,4eb2daf396db9947d662e9aafba9f51a5ed27458f8d5c05ddfbb1c1c18aaa9cb,0,0
case_023_p2_n5,case_023,2,5,existing_regression,legacy,True,True,1,False,True,24,0,0,9.576619704981567,0.0,4.69083651600522,0,0,24,0,4.592260129022179,0,configurations/case_023_p2_n5/legacy/attempt_001/summary.json,122614.0,18864,277920,6.499893977947413,6.499893977947413,0,0,,52c763a3fba93cb128733f39b00a5f75fdbd7c22cd434501a4e39a7d2eadf70d,0,0
case_023_p2_n5,case_023,2,5,existing_regression,persistent,True,True,1,False,True,24,0,0,8.185035615984816,0.0,2.3571852370223496,0,0,24,0,5.449996427050792,0,configurations/case_023_p2_n5/persistent/attempt_001/summary.json,122614.0,17694,280992,6.929693681473946,6.929693681473946,0,0,,aa419f2cabd50dc4e40fb3797195d3e2b652aea3b9de413323c89155bd90f98d,3,3
case_023_p2_n5,case_023,2,5,existing_regression,mature,True,True,1,False,True,24,0,0,5.045614133996423,0.0,0.7170983650430571,0,0,24,0,4.126323736098129,0,configurations/case_023_p2_n5/mature/attempt_001/summary.json,122614.0,17694,280992,6.929693681473946,6.929693681473946,0,0,,aa419f2cabd50dc4e40fb3797195d3e2b652aea3b9de413323c89155bd90f98d,0,0
case_060_p1_n4,case_060,1,4,core_regression,legacy,True,True,1,False,True,24,0,0,117.97245525702601,0.0,10.620188347063959,0,0,24,0,106.94017049699323,0,configurations/case_060_p1_n4/legacy/attempt_001/summary.json,888789.0,222248,5581056,3.9990866059537096,3.9990866059537096,0,0,,3f6455f60375321da9a4cbb5e759320ef162a420d66a988ab85d61bd4d355e1a,0,0
case_060_p1_n4,case_060,1,4,core_regression,persistent,True,True,1,False,True,24,0,0,189.38901979499497,0.0,48.37805229795049,0,0,24,0,140.3235470620857,0,configurations/case_060_p1_n4/persistent/attempt_001/summary.json,888789.0,225343,6953344,3.944160679497477,3.944160679497477,0,0,,a614458d988023f4f4ef3cb50fd4cc472728cca63bb3bef1f7bac017c7745104,3,5
case_060_p1_n4,case_060,1,4,core_regression,mature,True,True,1,False,True,24,0,0,89.69281260299613,0.0,0.0,0,0,24,0,79.52181472899974,0,configurations/case_060_p1_n4/mature/attempt_001/summary.json,888789.0,226171,4825344,3.9297213170565635,3.9297213170565635,0,0,,4ef124121d0475ee498a41c186085a8dc4372dd2a866ab4f6d2f348c32e33714,0,0
case_001_p3_n5,case_001,3,5,existing_regression,legacy,True,True,1,False,True,24,0,0,5.7422457310021855,0.0,2.14285663201008,0,0,24,0,3.328023671056144,0,configurations/case_001_p3_n5/legacy/attempt_001/summary.json,233110.0,47502,4608,4.9073723211654245,4.9073723211654245,0,824960,0.0,811c489eb7d6113f0afaa4b601c2327b28ff85d87c97f113bb17239be950b2e6,0,0
case_001_p3_n5,case_001,3,5,existing_regression,persistent,True,True,1,False,True,24,0,0,4.856374520983081,0.0,1.0349125469801947,0,0,24,0,3.480875884008128,0,configurations/case_001_p3_n5/persistent/attempt_001/summary.json,233110.0,47502,4608,4.9073723211654245,4.9073723211654245,0,824960,0.0,811c489eb7d6113f0afaa4b601c2327b28ff85d87c97f113bb17239be950b2e6,1,1
case_001_p3_n5,case_001,3,5,existing_regression,mature,True,True,1,False,True,24,0,0,4.5819207610038575,0.0,0.3552701139706187,0,0,24,0,3.977948229032336,0,configurations/case_001_p3_n5/mature/attempt_001/summary.json,233110.0,47502,4608,4.9073723211654245,4.9073723211654245,0,824960,0.0,811c489eb7d6113f0afaa4b601c2327b28ff85d87c97f113bb17239be950b2e6,0,0
case_019_p3_n5,case_019,3,5,development,legacy,True,True,1,False,True,24,0,0,7.187446793017443,0.0,2.937405166972894,0,0,24,0,3.974757558054989,0,configurations/case_019_p3_n5/legacy/attempt_001/summary.json,81144.0,15394,789864,5.271144601792907,5.271144601792907,139616,509496,0.21508768902747138,ebd9947997a823b3bbe840f9d59450c538f4759df3dcb3774187f92b00c92471,0,0
case_019_p3_n5,case_019,3,5,development,persistent,True,True,1,False,True,24,0,0,5.615455377992475,0.0,1.4794638240127824,0,0,24,0,3.778320550074568,0,configurations/case_019_p3_n5/persistent/attempt_001/summary.json,81144.0,15463,799852,5.247623358985966,5.247623358985966,138848,518970,0.21107357962232715,a518e17bab01846b3ede97d795c40a01d64e8725caed168720d24e1cd242e676,3,4
case_019_p3_n5,case_019,3,5,development,mature,True,True,1,False,True,24,0,0,3.648174819012638,0.0,0.35047272901283577,0,0,24,0,3.0661802879476454,0,configurations/case_019_p3_n5/mature/attempt_001/summary.json,81144.0,22206,80224,3.6541475276952173,3.6541475276952173,16736,239668,0.06527199263662033,adf2a40e409992dfdeb74bc07791531d083d46d76370fcd55381b79e8f91634f,0,0
case_060_p3_n5,case_060,3,5,frozen_regression,legacy,True,True,1,False,True,24,0,0,83.0832944700087,0.0,52.482866247941274,0,0,24,0,30.004469732928555,0,configurations/case_060_p3_n5/legacy/attempt_001/summary.json,888789.0,156673,3595652,5.672891946921295,5.672891946921295,2366720,3294890,0.4180295004424536,4028c4e0603fb3090850a80ce77caa550d42c182a979499db1e8a70a86a1fc49,0,0
case_060_p3_n5,case_060,3,5,frozen_regression,persistent,True,True,1,False,True,24,0,0,65.28493876897846,0.0,21.438223129865946,0,0,24,0,43.197264012967935,0,configurations/case_060_p3_n5/persistent/attempt_001/summary.json,888789.0,158892,3620240,5.593667396722302,5.593667396722302,2298112,3388080,0.4041565954860476,9447941327b44932964c556afc990ca9288cefc915d63737ae8a2ed4f4f66425,3,3
case_060_p3_n5,case_060,3,5,frozen_regression,mature,True,True,1,False,True,24,0,0,25.83696523902472,0.0,2.7251377629872877,0,0,24,0,22.619321441015927,0,configurations/case_060_p3_n5/mature/attempt_001/summary.json,888789.0,158821,3588480,5.5961680130461335,5.5961680130461335,2333952,3279528,0.41577630988263964,76f298c5aa192d3974f66f85f95a096dc32ee6f1fd2959ad52f4b36a7c755262,0,0
case_060_p3_n1,case_060,3,1,core_regression,legacy,True,True,1,False,True,24,0,0,67.3163660140126,0.0,35.00972410803661,0,0,24,0,31.756814933061833,0,configurations/case_060_p3_n1/legacy/attempt_001/summary.json,888789.0,731670,2064512,1.2147402517528394,1.0,991232,3098280,0.24238393236161185,192309ebec0fda4c48e78d863331208d1b792e4d1696f895c348aacc112df8d1,0,0
case_060_p3_n1,case_060,3,1,core_regression,persistent,True,True,1,False,True,24,0,0,50.23368900598143,0.0,18.461445127031766,0,0,24,0,31.065942638000706,0,configurations/case_060_p3_n1/persistent/attempt_001/summary.json,888789.0,731670,2064512,1.2147402517528394,1.0,991232,3098280,0.24238393236161185,192309ebec0fda4c48e78d863331208d1b792e4d1696f895c348aacc112df8d1,3,1
case_060_p3_n1,case_060,3,1,core_regression,mature,True,True,1,False,True,24,0,0,37.15273567099939,0.0,7.614933650998864,0,0,24,0,28.95495017300709,0,configurations/case_060_p3_n1/mature/attempt_001/summary.json,888789.0,727120,2259072,1.2223415667290132,1.0,1244160,3039912,0.2904152871380313,e104042897f5fd3b906bca7c55fc11210f9ab17ae54820603d0efeeddf0a8638,0,0
case_047_p2_n2,case_047,2,2,core_regression,legacy,True,True,1,False,True,24,0,0,175.4322232429986,0.0,90.82353935707943,0,0,24,0,83.26549779108609,0,configurations/case_047_p2_n2/legacy/attempt_001/summary.json,326508.0,150181,903430,2.174096590114595,2.174096590114595,0,0,,7dbabae27b890626f390df1207b9fc6b8af62d122194f15799c13f4fd00e2ffc,0,0
case_047_p2_n2,case_047,2,2,core_regression,persistent,True,True,1,False,True,24,0,0,163.21249390998855,0.0,65.96339614104363,0,0,24,0,95.85887026801356,0,configurations/case_047_p2_n2/persistent/attempt_001/summary.json,326508.0,150503,902822,2.1694451273396544,2.1694451273396544,0,0,,861feebd14398c23e7819026e664f7c2ca135384892c3476b88a01a908d6de26,1,5
case_047_p2_n2,case_047,2,2,core_regression,mature,True,True,1,False,True,24,0,0,77.98784492799314,0.0,1.8112786859855987,0,0,24,0,75.32267488408252,0,configurations/case_047_p2_n2/mature/attempt_001/summary.json,326508.0,155794,763014,2.0957674878365022,2.0957674878365022,0,0,,19f1c56b03ed54609c944f2bbe86193537c85d66271e64534ba6384769a6509a,0,0
case_066_p2_n5,case_066,2,5,development,legacy,True,True,1,False,True,24,0,0,69.20077099901391,0.0,39.00434827603749,0,0,24,0,29.5514010200568,0,configurations/case_066_p2_n5/legacy/attempt_001/summary.json,359070.0,89276,3267848,4.0220215959496395,4.0220215959496395,0,0,,929407bb7bffb1aaa3562570a8409bb36573b99030c8605ffc1caa5371450c67,0,0
case_066_p2_n5,case_066,2,5,development,persistent,True,True,1,False,True,24,0,0,51.149939296010416,0.0,18.801951129949884,0,0,24,0,31.62103869195562,0,configurations/case_066_p2_n5/persistent/attempt_001/summary.json,359070.0,89276,3267848,4.0220215959496395,4.0220215959496395,0,0,,929407bb7bffb1aaa3562570a8409bb36573b99030c8605ffc1caa5371450c67,4,4
case_066_p2_n5,case_066,2,5,development,mature,True,True,1,False,True,24,0,0,41.679189501999645,0.0,2.88311595300911,0,0,24,0,38.28433139497065,0,configurations/case_066_p2_n5/mature/attempt_001/summary.json,359070.0,143083,6000546,2.509522445014432,2.509522445014432,0,0,,83c3bc55b9f5dfab4e0c202480b98971f326edca50c810313ff2494621a04abc,0,0
case_001_p2_n5,case_001,2,5,existing_regression,legacy,True,True,1,False,True,24,0,0,5.640507828007685,0.0,2.0425153089745436,0,0,24,0,3.3280861010134686,0,configurations/case_001_p2_n5/legacy/attempt_001/summary.json,233110.0,47502,4608,4.9073723211654245,4.9073723211654245,0,0,,811c489eb7d6113f0afaa4b601c2327b28ff85d87c97f113bb17239be950b2e6,0,0
case_001_p2_n5,case_001,2,5,existing_regression,persistent,True,True,1,False,True,24,0,0,4.954628389998106,0.0,1.1944214459508657,0,0,24,0,3.4261484930175357,0,configurations/case_001_p2_n5/persistent/attempt_001/summary.json,233110.0,47502,4608,4.9073723211654245,4.9073723211654245,0,0,,811c489eb7d6113f0afaa4b601c2327b28ff85d87c97f113bb17239be950b2e6,2,1
case_001_p2_n5,case_001,2,5,existing_regression,mature,True,True,1,False,True,24,0,0,4.085738604015205,0.0,0.36119333605165593,0,0,24,0,3.492838890000712,0,configurations/case_001_p2_n5/mature/attempt_001/summary.json,233110.0,47502,4608,4.9073723211654245,4.9073723211654245,0,0,,811c489eb7d6113f0afaa4b601c2327b28ff85d87c97f113bb17239be950b2e6,0,0
case_042_p2_n5,case_042,2,5,frozen_regression,legacy,True,True,1,False,True,24,0,0,61.413378130004276,0.0,28.280917753028916,0,0,24,0,32.58248076104792,0,configurations/case_042_p2_n5/legacy/attempt_001/summary.json,1686740.0,349243,14417428,4.829703100706385,4.829703100706385,0,0,,194357b6a4b51b65fd9e3d8f6833ce1b79d5a5f35d1451a826330fc1734232d2,0,0
case_042_p2_n5,case_042,2,5,frozen_regression,persistent,True,True,1,False,True,24,0,0,48.206486464012414,0.0,17.4022558509605,0,0,24,0,30.179259531083517,0,configurations/case_042_p2_n5/persistent/attempt_001/summary.json,1686740.0,346660,14267176,4.8656897248024,4.8656897248024,0,0,,1619b594d73ab2a5690d6cdb45d4549bd3fc9fd8f8ed8430f6a7da3ba29e9b3d,2,4
case_042_p2_n5,case_042,2,5,frozen_regression,mature,True,True,1,False,True,24,0,0,25.697275188023923,0.0,3.7890028940164484,0,0,24,0,21.4627585830749,0,configurations/case_042_p2_n5/mature/attempt_001/summary.json,1686740.0,349483,8738816,4.82638640506119,4.82638640506119,0,0,,c78f17cbe3b0e6efb15845e933dd727aa1175c859024621fe09bc0810892b89b,0,0
case_042_p1_n5,case_042,1,5,frozen_regression,legacy,True,True,1,False,True,24,0,0,104.53085477600689,0.0,10.141594153043116,0,0,24,0,94.00095863087336,0,configurations/case_042_p1_n5/legacy/attempt_001/summary.json,1686740.0,339472,11736192,4.96871612386294,4.96871612386294,0,0,,8bb06b2999fad9b5ca66790e3d21231d0bb32a61af0234ebfa30c3f6b3c32056,0,0
case_042_p1_n5,case_042,1,5,frozen_regression,persistent,True,True,1,False,True,24,0,0,153.19475907098968,0.0,41.73670844914159,0,0,24,0,110.68759734494961,0,configurations/case_042_p1_n5/persistent/attempt_001/summary.json,1686740.0,342220,10187904,4.928817719595582,4.928817719595582,0,0,,e1597b6f56bb6c393b6b302cae38f8c9e6a329e51a63f07b1d6a996c2bd93b25,3,5
case_042_p1_n5,case_042,1,5,frozen_regression,mature,True,True,1,False,True,24,0,0,62.08828445599647,0.0,0.0,0,0,24,0,52.08609542500926,0,configurations/case_042_p1_n5/mature/attempt_001/summary.json,1686740.0,335169,11692896,5.0325059895157365,5.0325059895157365,0,0,,4bf389e593f68d1046f811550fd036cf93b78a5a98571322ea6dbcb1f0c81a50,0,0
case_047_p3_n5,case_047,3,5,frozen_regression,legacy,True,True,1,False,True,24,0,0,152.05240708900965,0.0,66.20309751699097,0,0,24,0,84.17145151898148,0,configurations/case_047_p3_n5/legacy/attempt_001/summary.json,326508.0,83320,2648760,3.9187229956793086,3.9187229956793086,903128,1142102,0.4415777198652474,e15e2c99025b0419f328de6ef0634f579e90a59c1c83ab82b468badc5ccb5716,0,0
case_047_p3_n5,case_047,3,5,frozen_regression,persistent,True,True,1,False,True,24,0,0,161.33789928100305,0.0,55.08821882499615,0,0,24,0,104.57667924600537,0,configurations/case_047_p3_n5/persistent/attempt_001/summary.json,326508.0,83346,2651832,3.9175005399179326,3.9175005399179326,907224,1139542,0.4432475427088392,4332b953c56fedf74465287f6755d15afbbb6b9847f5057a9647b6a1576c7bec,2,5
case_047_p3_n5,case_047,3,5,frozen_regression,mature,True,True,1,False,True,24,0,0,91.1175133610086,0.0,3.011106402031146,0,0,24,0,85.06717169491458,0,configurations/case_047_p3_n5/mature/attempt_001/summary.json,326508.0,83861,2696024,3.893442720692575,3.893442720692575,916824,1159718,0.4415147875650962,d0e1cf20911921ad8ce4e34dbcd7b98b82f29baddfa31cea8eb49b33f0aaef33,0,0
case_009_p3_n5,case_009,3,5,existing_regression,legacy,True,True,1,False,True,24,0,0,52.51451003900729,0.0,24.11862183402991,0,0,24,0,27.781892472936306,0,configurations/case_009_p3_n5/legacy/attempt_001/summary.json,153261.0,41878,1410854,3.6597019914991167,3.6597019914991167,510684,903654,0.3610763480865253,55f8f327c3dea82cfc6e9d9baaaaae7400e754095ebd8376f225040700b52b7a,0,0
case_009_p3_n5,case_009,3,5,existing_regression,persistent,True,True,1,False,True,24,0,0,48.773592632991495,0.0,18.395113366947044,0,0,24,0,29.51063149989932,0,configurations/case_009_p3_n5/persistent/attempt_001/summary.json,153261.0,38231,1319094,4.008814836127749,4.008814836127749,502332,857290,0.36946445409091644,50e0dca904aadac5c8f4c51b8693242a9710d0b7de38e31c74725113eded5c52,2,5
case_009_p3_n5,case_009,3,5,existing_regression,mature,True,True,1,False,True,24,0,0,30.570552682998823,0.0,2.297430290025659,0,0,24,0,27.105202328035375,0,configurations/case_009_p3_n5/mature/attempt_001/summary.json,153261.0,37274,1327286,4.111740086923861,4.111740086923861,502588,861130,0.36854246992413386,466ec3afb693248d5f918cb8877998937a7b7d85102e370f56fcf12a1acbc21f,0,0
case_062_p1_n5,case_062,1,5,development,legacy,True,True,1,False,True,6,2,0,240.03651338198688,0.03651338198687881,13.552167535031913,0,0,6,2,226.04019870099728,0,configurations/case_062_p1_n5/legacy/attempt_001/summary.json,2854809.0,1710478,87960576,1.6690124047196164,1.6690124047196164,0,0,,3922c32c568413ed368a65292104810d384308dfa4460b48b13afca0caa35536,0,0
case_062_p1_n5,case_062,1,5,development,persistent,True,True,1,False,True,5,1,0,240.19638792797923,0.19638792797923088,34.20943164496566,0,4,5,1,205.5041237960104,0,configurations/case_062_p1_n5/persistent/attempt_001/summary.json,2854809.0,1563377,78486528,1.8260528330658568,1.8260528330658568,0,0,,1b7c46d4b8a101dc2c368a8df42e509770d29e25943670045fb86990bf1d9a5f,1,2
case_062_p1_n5,case_062,1,5,development,mature,True,True,1,False,True,7,3,0,240.09840553198592,0.09840553198591806,0.0,0,0,7,3,216.26157852905453,0,configurations/case_062_p1_n5/mature/attempt_001/summary.json,2854809.0,740813,23488512,3.8536162297367893,3.8536162297367893,0,0,,1731495dfab8e7514ce37eb852ede9edd3e4e3ec1201e23954ae2206f7faeb3b,0,0
case_050_p3_n5,case_050,3,5,development,legacy,True,True,1,False,True,24,0,0,55.56144081099774,0.0,33.19976305693854,0,0,24,0,21.782693995977752,0,configurations/case_050_p3_n5/legacy/attempt_001/summary.json,149690.0,34824,1473120,4.298472317941649,4.298472317941649,434308,787134,0.35556989198013494,62dc3154a03328d688f6ee004cfde725e3988e1cafc4625e226eb27b1a70f15f,0,0
case_050_p3_n5,case_050,3,5,development,persistent,True,True,1,False,True,24,0,0,39.07584436799516,0.0,14.666555999050615,0,0,24,0,23.746374809998088,0,configurations/case_050_p3_n5/persistent/attempt_001/summary.json,149690.0,34788,1481220,4.302920547315166,4.302920547315166,437380,788112,0.35690155464091156,2814d2bb198487bc714ed5e11a148f6454a22161b81c4df3da6a87abe3062c22,2,4
case_050_p3_n5,case_050,3,5,development,mature,True,True,1,False,True,24,0,0,21.3656482520164,0.0,1.702729645970976,0,0,24,0,18.81433869403554,0,configurations/case_050_p3_n5/mature/attempt_001/summary.json,149690.0,96617,16128,1.5493132678514132,1.5493132678514132,11520,321604,0.034581717318476,f9059cec3aa7024df7bba8fe0818e1e28ee8f7875a04872580aba24166cb7db3,0,0
case_050_p2_n5,case_050,2,5,development,legacy,True,True,1,False,True,24,0,0,47.36731279399828,0.0,25.67384894101997,0,0,24,0,21.045919961034087,0,configurations/case_050_p2_n5/legacy/attempt_001/summary.json,149690.0,38837,1481220,3.854314184926745,3.854314184926745,0,0,,90ac2fd20b6c0c71200f0bbe2ae40203c6a20aca3ec6957687288548c394569c,0,0
case_050_p2_n5,case_050,2,5,development,persistent,True,True,1,False,True,24,0,0,37.35347077201004,0.0,13.484663091949187,0,0,24,0,23.229330389905954,0,configurations/case_050_p2_n5/persistent/attempt_001/summary.json,149690.0,38837,1481220,3.854314184926745,3.854314184926745,0,0,,90ac2fd20b6c0c71200f0bbe2ae40203c6a20aca3ec6957687288548c394569c,3,4
case_050_p2_n5,case_050,2,5,development,mature,True,True,1,False,True,24,0,0,20.724693908006884,0.0,1.8584318379871547,0,0,24,0,18.24974221593584,0,configurations/case_050_p2_n5/mature/attempt_001/summary.json,149690.0,96590,13824,1.5497463505538875,1.5497463505538875,0,0,,63f4d5ddc46694ecdf9d6988ade95dfbccee5a3d1d4a795475d8ca7c8662f7e0,0,0
case_035_p3_n5,case_035,3,5,development,legacy,True,True,1,False,True,24,0,0,49.43808784199064,0.0,28.684959902020637,0,0,24,0,20.21575254201889,0,configurations/case_035_p3_n5/legacy/attempt_001/summary.json,169571.0,40174,1132564,4.220914023995619,4.220914023995619,371810,729606,0.33757454040979973,b3900800b26fffc69b0af0b2b507d91b9156bb318ee80515aef0067b2670dc17,0,0
case_035_p3_n5,case_035,3,5,development,persistent,True,True,1,False,True,24,0,0,32.46293806101312,0.0,11.953676605044166,0,0,24,0,19.914999719912885,0,configurations/case_035_p3_n5/persistent/attempt_001/summary.json,169571.0,40353,1130532,4.202190667360544,4.202190667360544,374876,725524,0.34067248273355144,d6bf0bae57c4697ed5b05d4751b609fc5b282130ab14c52a886ecf2f014f0394,2,4
case_035_p3_n5,case_035,3,5,development,mature,True,True,1,False,True,24,0,0,19.069936190993758,0.0,2.3862769329862203,0,0,24,0,16.182187209109543,0,configurations/case_035_p3_n5/mature/attempt_001/summary.json,169571.0,40778,1130532,4.158394232184021,4.158394232184021,374876,725524,0.34067248273355144,00a42463894648589a3e2949a5e0b85e05b328ad3af558a38c31b66d59dc0e0a,0,0
case_053_p2_n5,case_053,2,5,existing_regression,legacy,True,True,1,False,True,15,0,0,240.00980875000823,0.009808750008232892,186.49248257809086,0,15,15,0,52.76748438607319,0,configurations/case_053_p2_n5/legacy/attempt_001/summary.json,1472686.0,344470,10036070,4.275222806049873,4.275222806049873,0,0,,929d424979c2ff47c84637cc1c663cfe425767762062a91246f4f10f66762251,0,0
case_053_p2_n5,case_053,2,5,existing_regression,persistent,True,True,1,False,True,24,0,0,142.2827228899987,0.0,53.218094800802646,0,0,24,0,87.5640647559776,0,configurations/case_053_p2_n5/persistent/attempt_001/summary.json,1472686.0,345963,10044262,4.256773123137445,4.256773123137445,0,0,,1a221f824a6412dc74ff29a0e9d5e5f9b7068f4e60fe4f386a26e5db4741ff36,3,4
case_053_p2_n5,case_053,2,5,existing_regression,mature,True,True,1,False,True,24,0,0,74.46901830800925,0.0,9.752038273960352,0,0,24,0,62.72139902203344,0,configurations/case_053_p2_n5/mature/attempt_001/summary.json,1472686.0,374457,3247692,3.932857444245935,3.932857444245935,0,0,,f97ef2fe0e4f32ddbe897621aaa8b9306df0e35ded4fcfbd87dcf4ce7a479805,0,0
case_066_p3_n5,case_066,3,5,development,legacy,True,True,1,False,True,24,0,0,69.79907133700908,0.0,38.0143624820048,0,0,24,0,31.071782429033192,0,configurations/case_066_p3_n5/legacy/attempt_001/summary.json,359070.0,80814,3261696,4.443165788106021,4.443165788106021,1229420,1901384,0.39268507386601015,79dabdd0fb595162d030a9d2ecf9500dd0f3493ce5ceb85e1a8af6566c18c6f7,0,0
case_066_p3_n5,case_066,3,5,development,persistent,True,True,1,False,True,24,0,0,55.866170335997595,0.0,20.34711594702094,0,0,24,0,34.70841868998832,0,configurations/case_066_p3_n5/persistent/attempt_001/summary.json,359070.0,81153,3267848,4.424605375032346,4.424605375032346,1175628,1961324,0.3747676088126309,929407bb7bffb1aaa3562570a8409bb36573b99030c8605ffc1caa5371450c67,4,4
case_066_p3_n5,case_066,3,5,development,mature,True,True,1,False,True,24,0,0,46.32140288199298,0.0,2.735647892957786,0,0,24,0,42.240493493998656,0,configurations/case_066_p3_n5/mature/attempt_001/summary.json,359070.0,124922,6000546,2.874353596644306,2.874353596644306,1315266,3218800,0.29008532297500744,83c3bc55b9f5dfab4e0c202480b98971f326edca50c810313ff2494621a04abc,0,0
case_047_p2_n5,case_047,2,5,frozen_regression,legacy,True,True,1,False,True,24,0,0,184.26993769500405,0.0,95.37361802108353,0,2,24,0,87.6247809069464,0,configurations/case_047_p2_n5/legacy/attempt_001/summary.json,326508.0,86880,2648760,3.758149171270718,3.758149171270718,0,0,,e15e2c99025b0419f328de6ef0634f579e90a59c1c83ab82b468badc5ccb5716,0,0
case_047_p2_n5,case_047,2,5,frozen_regression,persistent,True,True,1,False,True,24,0,0,179.17061716798344,0.0,61.202992462116526,0,0,24,0,116.18065977506922,0,configurations/case_047_p2_n5/persistent/attempt_001/summary.json,326508.0,86880,2648760,3.758149171270718,3.758149171270718,0,0,,e15e2c99025b0419f328de6ef0634f579e90a59c1c83ab82b468badc5ccb5716,1,5
case_047_p2_n5,case_047,2,5,frozen_regression,mature,True,True,1,False,True,24,0,0,80.16761106898775,0.0,2.8146981239842717,0,0,24,0,76.44628277097945,0,configurations/case_047_p2_n5/mature/attempt_001/summary.json,326508.0,87055,2698072,3.750594451783355,3.750594451783355,0,0,,d90a84db08c765d90b7a1f784bd17581c34531a6efceff4cee3f507a5dc0897d,0,0
case_047_p2_n3,case_047,2,3,core_regression,legacy,True,True,1,False,True,24,0,0,218.3010803310026,0.0,121.6941991969943,0,2,24,0,94.88524386796053,0,configurations/case_047_p2_n3/legacy/attempt_001/summary.json,326508.0,109386,1564844,2.9849158027535516,2.9849158027535516,0,0,,af7346e5fcfb665406179000cd03a8fc80efbde2616caab7696ada9e3a42dbbf,0,0
case_047_p2_n3,case_047,2,3,core_regression,persistent,True,True,1,False,True,24,0,0,151.81405106000602,0.0,54.7689693638531,0,0,24,0,95.19750409800326,0,configurations/case_047_p2_n3/persistent/attempt_001/summary.json,326508.0,105024,1709964,3.1088893967093236,3.1088893967093236,0,0,,885fc12c73f41c52715b2571b3b6cba145001f201f07cd8f69105f7134e210f9,2,4
case_047_p2_n3,case_047,2,3,core_regression,mature,True,True,1,False,True,24,0,0,88.25745675899088,0.0,3.2523148329928517,0,0,24,0,83.99913486189325,0,configurations/case_047_p2_n3/mature/attempt_001/summary.json,326508.0,105024,1709964,3.1088893967093236,3.1088893967093236,0,0,,885fc12c73f41c52715b2571b3b6cba145001f201f07cd8f69105f7134e210f9,0,0
case_047_p2_n4,case_047,2,4,core_regression,legacy,True,True,1,False,True,24,0,0,172.66751770797418,0.0,78.61302528393571,0,0,24,0,92.73560978804016,0,configurations/case_047_p2_n4/legacy/attempt_001/summary.json,326508.0,91661,2114482,3.5621256586770818,3.5621256586770818,0,0,,2b9152e63e48d9742f510fd32ecc9cf68236268fdd113fd4e0744d8fcfb8c6ac,0,0
case_047_p2_n4,case_047,2,4,core_regression,persistent,True,True,1,False,True,24,0,0,174.8296556850255,0.0,62.23092250787886,0,0,24,0,111.1463456779893,0,configurations/case_047_p2_n4/persistent/attempt_001/summary.json,326508.0,91673,2114418,3.5616593762612765,3.5616593762612765,0,0,,b67e79b9a6b75fd864216922e18c30663d086198ac53679d9a80bb66fb48c960,2,5
case_047_p2_n4,case_047,2,4,core_regression,mature,True,True,1,False,True,24,0,0,79.87242428399622,0.0,2.3943192119768355,0,0,24,0,76.5766250200686,0,configurations/case_047_p2_n4/mature/attempt_001/summary.json,326508.0,92456,2149778,3.531496062992126,3.531496062992126,0,0,,8c83467c5845ebc54735d4874e7ecc894fb7c5dabee21f95c0fcbc0b26b20b47,0,0
case_060_p2_n2,case_060,2,2,core_regression,legacy,True,True,1,False,True,24,0,0,55.273083890991984,0.0,22.66434811797808,0,0,24,0,32.11155515903374,0,configurations/case_060_p2_n2/legacy/attempt_001/summary.json,888789.0,365154,2825344,2.4340114034078772,2.4340114034078772,0,0,,61e092b449f11d94fd17a5fbb449902f522aad984219bd4c45f2c15efb62eb73,0,0
case_060_p2_n2,case_060,2,2,core_regression,persistent,True,True,1,False,True,24,0,0,76.9457481779973,0.0,27.05751880799653,0,0,24,0,49.133143744053086,0,configurations/case_060_p2_n2/persistent/attempt_001/summary.json,888789.0,365154,2825344,2.4340114034078772,2.4340114034078772,0,0,,61e092b449f11d94fd17a5fbb449902f522aad984219bd4c45f2c15efb62eb73,2,4
case_060_p2_n2,case_060,2,2,core_regression,mature,True,True,1,False,True,24,0,0,31.182390683999984,0.0,4.058283598948037,0,0,24,0,26.556603007978993,0,configurations/case_060_p2_n2/mature/attempt_001/summary.json,888789.0,364591,2615424,2.437769994322405,2.437769994322405,0,0,,b91092e8657e4dfef2887ff5132d8a965e378ccb294427cc3d05befba035bd5d,0,0
case_019_p2_n5,case_019,2,5,development,legacy,True,True,1,False,True,24,0,0,7.902157591015566,0.0,3.3510503650759347,0,0,24,0,4.2624736110446975,0,configurations/case_019_p2_n5/legacy/attempt_001/summary.json,81144.0,17153,789864,4.730601061038885,4.730601061038885,0,0,,66c4d1eb05b2ca5fd501e909479b472082217b3c8cd8ec24021bda460fe38802,0,0
case_019_p2_n5,case_019,2,5,development,persistent,True,True,1,False,True,24,0,0,5.434539834008319,0.0,1.2220296880113892,0,0,24,0,3.8626527130545583,0,configurations/case_019_p2_n5/persistent/attempt_001/summary.json,81144.0,17116,784236,4.740827296097219,4.740827296097219,0,0,,a670420390fd784fc7c900898d09a2bf95d468a62607e9aa53ab1cb37a127bb9,3,3
case_019_p2_n5,case_019,2,5,development,mature,True,True,1,False,True,24,0,0,3.6031640660075936,0.0,0.3677284800214693,0,0,24,0,3.07289951905841,0,configurations/case_019_p2_n5/mature/attempt_001/summary.json,81144.0,22206,81504,3.6541475276952173,3.6541475276952173,0,0,,a2793544b545f430005d3dbe1e8ca84ad18612e45e12320d135be40020b25b8c,0,0
case_047_p1_n5,case_047,1,5,frozen_regression,legacy,True,True,1,False,True,24,0,0,232.0501973089995,0.0,89.12419757799944,0,0,24,0,141.99252552798134,0,configurations/case_047_p1_n5/legacy/attempt_001/summary.json,326508.0,160151,3720028,2.0387509288109347,2.0387509288109347,0,0,,44ef6ff116d5e0bfaebdea75ae3f2c20fe5dcaabec8d6d3a45d69aa6f890d3d8,0,0
case_047_p1_n5,case_047,1,5,frozen_regression,persistent,True,True,1,False,True,24,0,0,213.2967466720147,0.0,63.003323239972815,0,0,24,0,149.22608541103546,0,configurations/case_047_p1_n5/persistent/attempt_001/summary.json,326508.0,317205,2217688,1.0293280370738167,1.0293280370738167,0,0,,5fa0df2bc1ca5c0912ec213fcf81a2ed3274e947fbc935a8950812eff050ec0e,2,5
case_047_p1_n5,case_047,1,5,frozen_regression,mature,True,True,1,False,True,23,0,0,243.59498311701464,3.5949831170146354,0.0,0,0,23,0,168.33433067103033,0,configurations/case_047_p1_n5/mature/attempt_001/summary.json,326508.0,175486,2906212,1.8605928678071184,1.8605928678071184,0,0,,25751a2f77993bd2bb3581ba203c7d1d26e3d713a313d1a2a6dccbe51981397d,0,0
case_043_p1_n5,case_043,1,5,development,legacy,True,True,1,False,True,24,0,0,124.92730942400522,0.0,28.735407156025758,0,0,24,0,95.58953180495882,0,configurations/case_043_p1_n5/legacy/attempt_001/summary.json,677656.0,209289,5119996,3.237895923818261,3.237895923818261,0,0,,3017d12ec3568459d1b03101dd74ebbddf3b447dfc4ade8fda37d179ba9b514e,0,0
case_043_p1_n5,case_043,1,5,development,persistent,True,True,1,False,True,24,0,0,205.97310695200576,0.0,51.82772385512362,0,0,24,0,153.24341362598352,0,configurations/case_043_p1_n5/persistent/attempt_001/summary.json,677656.0,210795,4753874,3.2147631585189402,3.2147631585189402,0,0,,ef273771afb6702140874fe08481b1ec227e4bb36f742fadaa015470073e12d1,2,5
case_043_p1_n5,case_043,1,5,development,mature,True,True,1,False,True,24,0,0,188.13112951497897,0.0,0.0,0,0,24,0,157.71347031192272,0,configurations/case_043_p1_n5/mature/attempt_001/summary.json,677656.0,198411,4859778,3.415415475956474,3.415415475956474,0,0,,0b6f900b7a4f9a8f7f110908e5434be2f1336f5d8bd557e2597c99b5fc111456,0,0
case_047_p1_n2,case_047,1,2,core_regression,legacy,True,True,1,False,True,24,0,0,187.8030344079889,0.0,77.93866118890583,0,0,24,0,109.03128417007974,0,configurations/case_047_p1_n2/legacy/attempt_001/summary.json,326508.0,242412,3426184,1.3469135191327162,1.3469135191327162,0,0,,26cc1532f1df9324f27cf27eb94029def43f3c14d0c36c70a45f26f855aff32a,0,0
case_047_p1_n2,case_047,1,2,core_regression,persistent,True,True,1,False,True,24,0,0,235.6152644379763,0.0,55.70782684109872,0,0,24,0,178.02243022303446,0,configurations/case_047_p1_n2/persistent/attempt_001/summary.json,326508.0,322012,545456,1.0139622125883507,1.0139622125883507,0,0,,1bac6d627d43c1f2ee09166e1836bb48e2b8edaf18d3023fafcc06e3cde1e5a4,2,5
case_047_p1_n2,case_047,1,2,core_regression,mature,True,True,1,False,True,24,0,0,229.6904690740048,0.0,0.0,0,0,24,0,176.33115757297492,0,configurations/case_047_p1_n2/mature/attempt_001/summary.json,326508.0,232371,2888764,1.405115096117846,1.405115096117846,0,0,,314697f82ca29e2188b4bfaf97e03b765be4afefb739dbacf600a3c69b758331,0,0
case_071_p3_n5,case_071,3,5,existing_regression,legacy,True,True,1,False,True,24,0,0,6.983608299022308,0.0,2.4427876669797115,0,0,24,0,4.231451199972071,0,configurations/case_071_p3_n5/legacy/attempt_001/summary.json,18919.0,7942,361586,2.3821455552757493,2.3821455552757493,137776,207288,0.399276655924698,50c45ec4b549100ac2b1eb43bf6fc579c7482c2c3e58ef45e13c76a000b3879d,0,0
case_071_p3_n5,case_071,3,5,existing_regression,persistent,True,True,1,False,True,24,0,0,5.899031493987422,0.0,1.1635445731808431,0,0,24,0,4.338061391055817,0,configurations/case_071_p3_n5/persistent/attempt_001/summary.json,18919.0,7982,362354,2.3702079679278376,2.3702079679278376,146992,197304,0.42693496293886657,7d07ed19b7455b14d7a72cce497f599a098701cbcb62a492183c61b9f7a65dff,3,5
case_071_p3_n5,case_071,3,5,existing_regression,mature,True,True,1,False,True,24,0,0,5.026806128007593,0.0,0.12645076995249838,0,0,24,0,4.632697534922045,0,configurations/case_071_p3_n5/mature/attempt_001/summary.json,18919.0,7982,362354,2.3702079679278376,2.3702079679278376,146992,197304,0.42693496293886657,7d07ed19b7455b14d7a72cce497f599a098701cbcb62a492183c61b9f7a65dff,0,0
case_075_p1_n5,case_075,1,5,development,legacy,True,True,1,False,True,24,0,0,125.06189795699902,0.0,46.73434108195943,0,0,24,0,77.75132943695644,0,configurations/case_075_p1_n5/legacy/attempt_001/summary.json,1441809.0,424934,10606092,3.393018680548038,3.393018680548038,0,0,,84a3d3069d7641cee02bdfd98d27f7c5225249c9585e682955d8e094c967bc3e,0,0
case_075_p1_n5,case_075,1,5,development,persistent,True,True,1,False,True,22,1,0,240.04736885099555,0.04736885099555366,83.07355318291229,0,0,22,1,156.1112304199778,0,configurations/case_075_p1_n5/persistent/attempt_001/summary.json,1441809.0,678468,17908720,2.12509506712181,2.12509506712181,0,0,,e0bc36be656ef1824039146324f8085277db500a48a20683f35fceadafba41b0,3,3
case_075_p1_n5,case_075,1,5,development,mature,True,True,1,False,True,24,0,0,199.89994605598622,0.0,0.0,0,0,24,0,146.31880560700665,0,configurations/case_075_p1_n5/mature/attempt_001/summary.json,1441809.0,481313,12700144,2.9955746052984233,2.9955746052984233,0,0,,4b3e4b586305de2a122aea61a7e485b2750f6eb5fb7f1fa44fe0e853004a1417,0,0
case_060_p3_n4,case_060,3,4,core_regression,legacy,True,True,1,False,True,24,0,0,85.12098233398865,0.0,46.36534918099642,0,0,24,0,38.105980799969984,0,configurations/case_060_p3_n4/legacy/attempt_001/summary.json,888789.0,188051,3704196,4.726318924121648,4.726318924121648,2547968,3158698,0.4464897717861883,96abe693b6bfab7cf13c2323314f376de9816413214a9092ac832b32231edf79,0,0
case_060_p3_n4,case_060,3,4,core_regression,persistent,True,True,1,False,True,24,0,0,76.49345671001356,0.0,26.746389486972475,0,0,24,0,49.02887736694538,0,configurations/case_060_p3_n4/persistent/attempt_001/summary.json,888789.0,191705,3841408,4.63623275344931,4.63623275344931,2465024,3298984,0.4276579768799766,7d33d97673ea1e92f47c06f6f8a761c985d9e7586e06e57363abbf2fe7c57674,2,4
case_060_p3_n4,case_060,3,4,core_regression,mature,True,True,1,False,True,24,0,0,29.498764351999853,0.0,2.596762489993125,0,0,24,0,26.34295523306355,0,configurations/case_060_p3_n4/mature/attempt_001/summary.json,888789.0,191705,3841408,4.63623275344931,4.63623275344931,2465024,3298984,0.4276579768799766,7d33d97673ea1e92f47c06f6f8a761c985d9e7586e06e57363abbf2fe7c57674,0,0
case_060_p3_n3,case_060,3,3,core_regression,legacy,True,True,1,False,True,24,0,0,87.62636690400541,0.0,50.99671325899544,0,0,24,0,35.98088349105092,0,configurations/case_060_p3_n3/legacy/attempt_001/summary.json,888789.0,316050,3605764,2.8121784527764593,2.8121784527764593,2446464,3110570,0.4402463616382408,f2533fb72ac30b9042c634351a9e62f4378027768587619262fe158f52b85e59,0,0
case_060_p3_n3,case_060,3,3,core_regression,persistent,True,True,1,False,True,24,0,0,77.73486974000116,0.0,26.62228441092884,0,0,24,0,50.38616558298236,0,configurations/case_060_p3_n3/persistent/attempt_001/summary.json,888789.0,316734,3769620,2.8061054386330486,2.8061054386330486,2404480,3218098,0.4276472465121871,d8b455ec9023ff99631952ae1f8221eed8615297f837ba8ac6917a4fd9408fa9,2,5
case_060_p3_n3,case_060,3,3,core_regression,mature,True,True,1,False,True,24,0,0,39.691083432990126,0.0,6.2477378729963675,0,0,24,0,32.79483829592937,0,configurations/case_060_p3_n3/mature/attempt_001/summary.json,888789.0,244808,2287748,3.6305553740073853,3.6305553740073853,1178624,3134122,0.2732885266139021,3d8161d5625deeb71d593387460ffc1d5965632a2b941cab0db454d1d8fb51af,0,0
case_060_p3_n2,case_060,3,2,core_regression,legacy,True,True,1,False,True,24,0,0,75.93400034299702,0.0,40.43375726099475,0,0,24,0,34.9390870029747,0,configurations/case_060_p3_n2/legacy/attempt_001/summary.json,888789.0,364450,2823296,2.4387131293730278,2.4387131293730278,1520640,3199656,0.3221492889428968,a03cc1c154876ad63fc452340a29b39ebc15e7740129ccfb42eb52a81bba692f,0,0
case_060_p3_n2,case_060,3,2,core_regression,persistent,True,True,1,False,True,24,0,0,71.10895318799885,0.0,25.724905859155115,0,0,24,0,44.70234417298343,0,configurations/case_060_p3_n2/persistent/attempt_001/summary.json,888789.0,364504,2823296,2.438351842503786,2.438351842503786,1520640,3199656,0.3221492889428968,ac3df0abe657162090cc942b71b78939f003da2f8e55ed3c8c0bf2be9e0dd778,2,3
case_060_p3_n2,case_060,3,2,core_regression,mature,True,True,1,False,True,24,0,0,32.76333305099979,0.0,4.2727184150135145,0,0,24,0,27.923237070062896,0,configurations/case_060_p3_n2/mature/attempt_001/summary.json,888789.0,364106,3611780,2.441017176316787,2.441017176316787,1615872,3641002,0.30738267647274786,cb919f2b71ade2bfc61ee30724b3738c5902c0cd8693740b26b2436f38eea7ff,0,0
case_047_p1_n3,case_047,1,3,core_regression,legacy,True,True,1,False,True,24,0,0,177.91183544599335,0.0,66.3680719829863,0,0,24,0,110.51511063496582,0,configurations/case_047_p1_n3/legacy/attempt_001/summary.json,326508.0,205302,3719584,1.5903790513487448,1.5903790513487448,0,0,,4f0893e278c27f61fe7b859a0984aafe1e03d78af1a0d1819c79e4d694744015,0,0
case_047_p1_n3,case_047,1,3,core_regression,persistent,True,True,1,False,True,24,0,0,195.17057321901666,0.0,43.14097066104296,0,0,24,0,150.6393136489787,0,configurations/case_047_p1_n3/persistent/attempt_001/summary.json,326508.0,322795,604310,1.0115026564847658,1.0115026564847658,0,0,,6e3b98a2787a5ff89133cb705b90069c2dec863b40beb5f5ebccf1d40826bfdc,2,5
case_047_p1_n3,case_047,1,3,core_regression,mature,True,True,1,False,True,24,0,0,207.9134308520006,0.0,0.0,0,0,24,0,156.0764645099407,0,configurations/case_047_p1_n3/mature/attempt_001/summary.json,326508.0,194391,3515328,1.6796456626078369,1.6796456626078369,0,0,,2fe178d8de913ba6fb1c5aa4a826b0708ea59cc627d6e5cebe7567559139e256,0,0
case_047_p1_n1,case_047,1,1,core_regression,legacy,True,True,1,False,True,24,0,0,106.075761531014,0.0,20.902301133988658,0,0,24,0,84.49762469003326,0,configurations/case_047_p1_n1/legacy/attempt_001/summary.json,326508.0,320846,544716,1.0176470954912948,1.0,0,0,,c6efefefde75e0d939ca21f7e630883b84ddddf58905c1e9d21fc93e4bb526b9,0,0
case_047_p1_n1,case_047,1,1,core_regression,persistent,True,True,1,False,True,24,0,0,167.274185243994,0.0,51.82813133485615,0,0,24,0,114.2313015399559,0,configurations/case_047_p1_n1/persistent/attempt_001/summary.json,326508.0,320846,544716,1.0176470954912948,1.0,0,0,,c6efefefde75e0d939ca21f7e630883b84ddddf58905c1e9d21fc93e4bb526b9,2,5
case_047_p1_n1,case_047,1,1,core_regression,mature,True,True,1,False,True,24,0,0,165.8733856290055,0.0,0.0,0,0,24,0,152.55646263394738,0,configurations/case_047_p1_n1/mature/attempt_001/summary.json,326508.0,323254,501350,1.0100663874228935,1.0,0,0,,ebc8b80504f9c6d9850ee4fb7d314182f5af5b1da5feb12004a609893f685f40,0,0
case_046_p3_n5,case_046,3,5,existing_regression,legacy,True,True,1,False,True,24,0,0,8.943433933018241,0.0,4.240988294041017,0,0,24,0,4.374250838998705,0,configurations/case_046_p3_n5/legacy/attempt_001/summary.json,276455.0,88781,3619200,3.1138982439936473,3.1138982439936473,143616,4467424,0.031146118879905618,3b2b3d325630c7d0da5d7a9f76fc78722d8771d82c3bb832f17c9a666260f59a,0,0
case_046_p3_n5,case_046,3,5,existing_regression,persistent,True,True,1,False,True,24,0,0,7.251453617005609,0.0,1.7514828719722573,0,0,24,0,5.0941878639278,0,configurations/case_046_p3_n5/persistent/attempt_001/summary.json,276455.0,62003,3872608,4.458735867619309,4.458735867619309,2424096,2331808,0.5097024666603868,2c77855b551d110e5e050a7e747a8881e3b8c3aa601588b7cfa3b88a23600be7,3,3
case_046_p3_n5,case_046,3,5,existing_regression,mature,True,True,1,False,True,21,0,0,4.19093530200189,0.0,0.3799260730156675,0,0,21,0,3.61813868698664,0,configurations/case_046_p3_n5/mature/attempt_001/summary.json,276455.0,77846,2791200,3.5513064255067697,3.5513064255067697,0,3787136,0.0,06766164545d1f3344b98cd9509bc23f12b77e8a71bda5520df692562dfa3f7d,0,0
case_047_p2_n1,case_047,2,1,core_regression,legacy,True,True,1,False,True,24,0,0,187.35906614499982,0.0,95.52251042390708,0,0,24,0,90.41957182696206,0,configurations/case_047_p2_n1/legacy/attempt_001/summary.json,326508.0,273973,0,1.1917524719589156,1.0,0,0,,c9a55c8fe863ad37a71841e93e215ced62514ce3b4365ea3c673043a67f46168,0,0
case_047_p2_n1,case_047,2,1,core_regression,persistent,True,True,1,False,True,5,0,0,37.31422643098631,0.0,21.749198897974566,0,0,5,0,15.310372448991984,0,configurations/case_047_p2_n1/persistent/attempt_001/summary.json,326508.0,277066,0,1.178448456324486,1.0,0,0,,400a057303f1a07af8b4726b5b91c234660c58109ea02ec870ca7e7934ab204d,1,1
case_047_p2_n1,case_047,2,1,core_regression,mature,True,True,1,False,True,9,0,0,28.92563161900034,0.0,1.2256163199490402,0,0,9,0,27.227171742008068,0,configurations/case_047_p2_n1/mature/attempt_001/summary.json,326508.0,277066,0,1.178448456324486,1.0,0,0,,400a057303f1a07af8b4726b5b91c234660c58109ea02ec870ca7e7934ab204d,0,0
case_046_p2_n5,case_046,2,5,existing_regression,legacy,True,True,1,False,True,24,0,0,7.1395885389938485,0.0,2.6129906449641567,0,0,24,0,4.198326730023837,0,configurations/case_046_p2_n5/legacy/attempt_001/summary.json,276455.0,88914,3619200,3.109240389589941,3.109240389589941,0,0,,ec748bdcf1c00bc5797a61515c7361211c16852aadea215744088b437f3dd647,0,0
case_046_p2_n5,case_046,2,5,existing_regression,persistent,True,True,1,False,True,24,0,0,6.587243115005549,0.0,1.559400826023193,0,0,24,0,4.639740648970474,0,configurations/case_046_p2_n5/persistent/attempt_001/summary.json,276455.0,86943,3656832,3.1797269475403427,3.1797269475403427,0,0,,030e972d80df3ff7ab871cdc3ec150e535c1c3b6a05082d05b723a885939a61e,2,3
case_046_p2_n5,case_046,2,5,existing_regression,mature,True,True,1,False,True,21,0,0,4.177232050977182,0.0,0.3853681600012351,0,0,21,0,3.6212885739805643,0,configurations/case_046_p2_n5/mature/attempt_001/summary.json,276455.0,77846,2791200,3.5513064255067697,3.5513064255067697,0,0,,06766164545d1f3344b98cd9509bc23f12b77e8a71bda5520df692562dfa3f7d,0,0
case_012_p3_n5,case_012,3,5,frozen_regression,legacy,True,True,1,False,True,24,0,0,9.476973951997934,0.0,4.339311191986781,0,0,24,0,4.831315166025888,0,configurations/case_012_p3_n5/legacy/attempt_001/summary.json,59088.0,12144,70016,4.865612648221344,4.865612648221344,57728,490240,0.10534921747255314,434a17c9813313cbcd25359ae17b62d3f2a133933dbc5985eae609df9228a1ee,0,0
case_012_p3_n5,case_012,3,5,frozen_regression,persistent,True,True,1,False,True,24,0,0,9.03483367699664,0.0,2.4703017310530413,0,0,24,0,6.19698195203091,0,configurations/case_012_p3_n5/persistent/attempt_001/summary.json,59088.0,12906,65920,4.578335657833565,4.578335657833565,56576,489344,0.10363423212192263,22fddfddb490907ec403de557623541246222751f921120e450e561cf53919d6,4,3
case_012_p3_n5,case_012,3,5,frozen_regression,mature,True,True,1,False,True,24,0,0,5.70389259501826,0.0,0.9962192689999938,0,0,24,0,4.484807405911852,0,configurations/case_012_p3_n5/mature/attempt_001/summary.json,59088.0,12272,49536,4.814863102998697,4.814863102998697,29184,504448,0.05468937395058767,295689f2c0d8888fca27a1a7d53048a57434f4f644d0c699302b64194798f41d,0,0
