path,teammate_blob,local_blob,matches
选题分析/A题附件/data/case_001.json,b6302b52cc33c3fcdc9262a487c3162707e6fa0a,b6302b52cc33c3fcdc9262a487c3162707e6fa0a,True
选题分析/A题附件/data/case_002.json,28100d131d32678352e4af5355ed3d6dcac670b0,28100d131d32678352e4af5355ed3d6dcac670b0,True
选题分析/A题附件/data/case_003.json,d24a9f85fb9ba254bc9ff09099a96bfb980d96df,d24a9f85fb9ba254bc9ff09099a96bfb980d96df,True
选题分析/A题附件/data/case_004.json,4253c4394ec84c97e1acef28d6609307287a127b,4253c4394ec84c97e1acef28d6609307287a127b,True
选题分析/A题附件/data/case_005.json,e14ed69ab9c51c9a14fb4b46284b6fcd5ea77bdc,e14ed69ab9c51c9a14fb4b46284b6fcd5ea77bdc,True
选题分析/A题附件/data/case_006.json,7b59036a001675ed8c1374a3abd79d0b5dbda49b,7b59036a001675ed8c1374a3abd79d0b5dbda49b,True
选题分析/A题附件/data/case_007.json,901ce8c9345c7175a90f79b1320f5abaad788b6d,901ce8c9345c7175a90f79b1320f5abaad788b6d,True
选题分析/A题附件/data/case_008.json,5d055b927489805da4cc5f57dc1313c789abd85b,5d055b927489805da4cc5f57dc1313c789abd85b,True
选题分析/A题附件/data/case_009.json,d6d354dde9a6314093273f7ecfb95875f0a533f6,d6d354dde9a6314093273f7ecfb95875f0a533f6,True
选题分析/A题附件/data/case_010.json,1637b8404163ce12c2e67aa1e21ffd7063c12080,1637b8404163ce12c2e67aa1e21ffd7063c12080,True
选题分析/A题附件/data/case_011.json,279407da5aa11e50e7ff7d2e752ce830ea454c12,279407da5aa11e50e7ff7d2e752ce830ea454c12,True
选题分析/A题附件/data/case_012.json,a314b650fbd6bac097f6d3757c0283e0bb01d846,a314b650fbd6bac097f6d3757c0283e0bb01d846,True
选题分析/A题附件/data/case_013.json,12f85b4623e6c5c44ab7e4b63e54c3b5ed43490e,12f85b4623e6c5c44ab7e4b63e54c3b5ed43490e,True
选题分析/A题附件/data/case_014.json,31d86710fbab018dec4344a8b04d9efcb3dec862,31d86710fbab018dec4344a8b04d9efcb3dec862,True
选题分析/A题附件/data/case_015.json,cd0ef8966028964358d9e2d65fca78d25d6f0190,cd0ef8966028964358d9e2d65fca78d25d6f0190,True
选题分析/A题附件/data/case_016.json,b17c8756876710f89710e0e30746e5607fedefa9,b17c8756876710f89710e0e30746e5607fedefa9,True
选题分析/A题附件/data/case_017.json,cbb73055b9ac3f4625fd702cb5eaf7354475c9c3,cbb73055b9ac3f4625fd702cb5eaf7354475c9c3,True
选题分析/A题附件/data/case_018.json,2ff1fd09b2ed37ff98b73e95a9585cc175c42eed,2ff1fd09b2ed37ff98b73e95a9585cc175c42eed,True
选题分析/A题附件/data/case_019.json,8a6aff8a75914379deceb6edec93df22d5da190d,8a6aff8a75914379deceb6edec93df22d5da190d,True
选题分析/A题附件/data/case_020.json,1351c4460441435954fd2b7da38e73e850d05e63,1351c4460441435954fd2b7da38e73e850d05e63,True
选题分析/A题附件/data/case_021.json,a66f46c72535f05e9f15dddf489da8e7b37465b6,a66f46c72535f05e9f15dddf489da8e7b37465b6,True
选题分析/A题附件/data/case_022.json,f56f373b6eb6bbd683bfd7252cfeb15a403d7b98,f56f373b6eb6bbd683bfd7252cfeb15a403d7b98,True
选题分析/A题附件/data/case_023.json,9847b489a19ecafc177aa337f8a9996d1b5eff2d,9847b489a19ecafc177aa337f8a9996d1b5eff2d,True
选题分析/A题附件/data/case_024.json,6ae4100939113f05180ff0832d0fdd03636cde06,6ae4100939113f05180ff0832d0fdd03636cde06,True
选题分析/A题附件/data/case_025.json,774b292089935c849df20cf61089f57331a7df2f,774b292089935c849df20cf61089f57331a7df2f,True
选题分析/A题附件/data/case_026.json,a5f359f92f4621a7fe043464f75f97b264ce680b,a5f359f92f4621a7fe043464f75f97b264ce680b,True
选题分析/A题附件/data/case_027.json,173150ad945485fdb0be9aa60152bedbd56c8188,173150ad945485fdb0be9aa60152bedbd56c8188,True
选题分析/A题附件/data/case_028.json,54d0763ee3ee0844a37d40aa684e17b5a5368089,54d0763ee3ee0844a37d40aa684e17b5a5368089,True
选题分析/A题附件/data/case_029.json,119052f5e574a491c8165339b47d7e862e60baee,119052f5e574a491c8165339b47d7e862e60baee,True
选题分析/A题附件/data/case_030.json,7392709ac20bef1e7c76ff460fed9c871cbe8266,7392709ac20bef1e7c76ff460fed9c871cbe8266,True
选题分析/A题附件/data/case_031.json,f61371511fc20e6f1c9b13749bcaa14b30cd291f,f61371511fc20e6f1c9b13749bcaa14b30cd291f,True
选题分析/A题附件/data/case_032.json,f44cad9e9a02aa2fd004075e5dfe7dcf21885330,f44cad9e9a02aa2fd004075e5dfe7dcf21885330,True
选题分析/A题附件/data/case_033.json,381e3e5211606dc0daa9e58db996574890496b3f,381e3e5211606dc0daa9e58db996574890496b3f,True
选题分析/A题附件/data/case_034.json,801563798901af1cf83999ea3eb908a9f978dbde,801563798901af1cf83999ea3eb908a9f978dbde,True
选题分析/A题附件/data/case_035.json,4c2350e0e6ccd002799c600e659c70c618516ef9,4c2350e0e6ccd002799c600e659c70c618516ef9,True
选题分析/A题附件/data/case_036.json,4ac362b8449d4aedcc0e31152d6e00a5bd123208,4ac362b8449d4aedcc0e31152d6e00a5bd123208,True
选题分析/A题附件/data/case_037.json,cbe08e00db1adfe91b1efa25c6c94c1f241f6944,cbe08e00db1adfe91b1efa25c6c94c1f241f6944,True
选题分析/A题附件/data/case_038.json,9b95c14505779b330168edbf12b3c5664a757909,9b95c14505779b330168edbf12b3c5664a757909,True
选题分析/A题附件/data/case_039.json,8a99bc143f960e4284ac2673bd42b47b161448e2,8a99bc143f960e4284ac2673bd42b47b161448e2,True
选题分析/A题附件/data/case_040.json,b3d57d8dfd0df3b99317ae0761144f5159822005,b3d57d8dfd0df3b99317ae0761144f5159822005,True
选题分析/A题附件/data/case_041.json,77a44f8e41eb20580cf956c685a1b10b60da281f,77a44f8e41eb20580cf956c685a1b10b60da281f,True
选题分析/A题附件/data/case_042.json,33e40f47f8705450b2223279051e8c404678c438,33e40f47f8705450b2223279051e8c404678c438,True
选题分析/A题附件/data/case_043.json,680d614d0b7d20d982847047de978af249adfa89,680d614d0b7d20d982847047de978af249adfa89,True
选题分析/A题附件/data/case_044.json,d0b261cc37d0c0ac474f6098771d6ec22a1f4f40,d0b261cc37d0c0ac474f6098771d6ec22a1f4f40,True
选题分析/A题附件/data/case_045.json,435e069e0d8770a8b905855fd221446fc456749a,435e069e0d8770a8b905855fd221446fc456749a,True
选题分析/A题附件/data/case_046.json,122b99d3d38367aba0cd44b4f570c71fc5f1d536,122b99d3d38367aba0cd44b4f570c71fc5f1d536,True
选题分析/A题附件/data/case_047.json,1d9e7182de37a21b9710fb778d14fd1c1165f679,1d9e7182de37a21b9710fb778d14fd1c1165f679,True
选题分析/A题附件/data/case_048.json,2eb3b46dc30d01c1c01bb8f382d803f2aa249b7e,2eb3b46dc30d01c1c01bb8f382d803f2aa249b7e,True
选题分析/A题附件/data/case_049.json,a4bd0e43f5f362493b0cbfa13cd354a2d7bf09e0,a4bd0e43f5f362493b0cbfa13cd354a2d7bf09e0,True
选题分析/A题附件/data/case_050.json,131d429831ec6e4d1d0de1d47cec96919b80254a,131d429831ec6e4d1d0de1d47cec96919b80254a,True
选题分析/A题附件/data/case_051.json,fec697714241e2a624d9c2890967648323b7641f,fec697714241e2a624d9c2890967648323b7641f,True
选题分析/A题附件/data/case_052.json,a6c787adb4e5a02b25b9f9e30a9305ca83bf10ba,a6c787adb4e5a02b25b9f9e30a9305ca83bf10ba,True
选题分析/A题附件/data/case_053.json,c2a423b91aa5dbe6f101a9a59e27e518d463f392,c2a423b91aa5dbe6f101a9a59e27e518d463f392,True
选题分析/A题附件/data/case_054.json,451e19c3faf32b79d397f6819bf9f24d7b231ac4,451e19c3faf32b79d397f6819bf9f24d7b231ac4,True
选题分析/A题附件/data/case_055.json,dcb4ad29bf81618a430b684df5fab80d80efb664,dcb4ad29bf81618a430b684df5fab80d80efb664,True
选题分析/A题附件/data/case_056.json,b51283df725a1d4d2630917ae21041cc1b08b1ea,b51283df725a1d4d2630917ae21041cc1b08b1ea,True
选题分析/A题附件/data/case_057.json,e1188beadeebff54935aca5daa4fbf8220b2d10b,e1188beadeebff54935aca5daa4fbf8220b2d10b,True
选题分析/A题附件/data/case_058.json,586f0721989a18a8da010c5974f4ae94e768186e,586f0721989a18a8da010c5974f4ae94e768186e,True
选题分析/A题附件/data/case_059.json,e3d2049707df1d9d6d7de12d9c262c9b71c62df8,e3d2049707df1d9d6d7de12d9c262c9b71c62df8,True
选题分析/A题附件/data/case_060.json,1bbba7bc1208e980664090a21512882e210b8bee,1bbba7bc1208e980664090a21512882e210b8bee,True
选题分析/A题附件/data/case_061.json,0e0dfb55493403dacf7a2cbe9588c4ccf8511b46,0e0dfb55493403dacf7a2cbe9588c4ccf8511b46,True
选题分析/A题附件/data/case_062.json,3830d4671febbbe74951ec54f343bf750859585f,3830d4671febbbe74951ec54f343bf750859585f,True
选题分析/A题附件/data/case_063.json,8b0213f02bddef325b839ef6c5faf6baf75913dc,8b0213f02bddef325b839ef6c5faf6baf75913dc,True
选题分析/A题附件/data/case_064.json,65df8a129581da9916d6c559816d6bdffb23ba0c,65df8a129581da9916d6c559816d6bdffb23ba0c,True
选题分析/A题附件/data/case_065.json,dfe6f12b36db90b9084b4d10b5b8637e03bbdc82,dfe6f12b36db90b9084b4d10b5b8637e03bbdc82,True
选题分析/A题附件/data/case_066.json,8fe9e3a1a3ce8dce3df0bf98d969e7758a7f2ae4,8fe9e3a1a3ce8dce3df0bf98d969e7758a7f2ae4,True
选题分析/A题附件/data/case_067.json,0fd4b385e0e2344f21dc3307c2b411b95799d6d9,0fd4b385e0e2344f21dc3307c2b411b95799d6d9,True
选题分析/A题附件/data/case_068.json,4f77d3978d1250a4bb25d673af1eb6fbfc9905cd,4f77d3978d1250a4bb25d673af1eb6fbfc9905cd,True
选题分析/A题附件/data/case_069.json,c19c75343408572fbc5d0082ec58d11ef0611462,c19c75343408572fbc5d0082ec58d11ef0611462,True
选题分析/A题附件/data/case_070.json,4e10dd227043160d54cd6657335bc3e75d72a91d,4e10dd227043160d54cd6657335bc3e75d72a91d,True
选题分析/A题附件/data/case_071.json,73920445d791791e4536a1287c3804f35ad3d13c,73920445d791791e4536a1287c3804f35ad3d13c,True
选题分析/A题附件/data/case_072.json,b1d692891dff64a1c07b49a8072cd77c64283288,b1d692891dff64a1c07b49a8072cd77c64283288,True
选题分析/A题附件/data/case_073.json,722da775687f8847d4e42bff25e13ed731c1f981,722da775687f8847d4e42bff25e13ed731c1f981,True
选题分析/A题附件/data/case_074.json,741d52787a609c204fa086549cce9e88cfe2772e,741d52787a609c204fa086549cce9e88cfe2772e,True
选题分析/A题附件/data/case_075.json,ccaf60cff70d529f382b9aee17d6d19348117f0d,ccaf60cff70d529f382b9aee17d6d19348117f0d,True
选题分析/A题附件/data/case_076.json,deb2b726d8fb537d73070c6c6a44a2bd927e6e67,deb2b726d8fb537d73070c6c6a44a2bd927e6e67,True
选题分析/A题附件/data/case_077.json,e07eaaf52a2ba701a41c9cf3b90556f16f9782fd,e07eaaf52a2ba701a41c9cf3b90556f16f9782fd,True
选题分析/A题附件/data/case_078.json,a86b8ed8a4077b6a51d509308f4e076b18bfc37e,a86b8ed8a4077b6a51d509308f4e076b18bfc37e,True
选题分析/A题附件/data/case_079.json,6d1caa6f966745f27c05f36b9a9b7c54192eff04,6d1caa6f966745f27c05f36b9a9b7c54192eff04,True
选题分析/A题附件/data/case_080.json,5d96f40b00c3d4b7a4ca12752a1c410c13fed04e,5d96f40b00c3d4b7a4ca12752a1c410c13fed04e,True
选题分析/A题附件/data/case_081.json,18a924d9df887faee91285a6ef0baa2a059dfb41,18a924d9df887faee91285a6ef0baa2a059dfb41,True
选题分析/A题附件/data/case_082.json,f360e327b98ca24fedeaf8ebd46ee898e8e6bd4d,f360e327b98ca24fedeaf8ebd46ee898e8e6bd4d,True
选题分析/A题附件/data/case_083.json,dff3fe81fc686863650752a3cca777bf2565910d,dff3fe81fc686863650752a3cca777bf2565910d,True
选题分析/A题附件/data/case_084.json,13df418747903e7db9b6adfb8abc42f11a2dcce2,13df418747903e7db9b6adfb8abc42f11a2dcce2,True
选题分析/A题附件/data/case_085.json,fa249a3a8c1938bfee07dd52a917dd62b8130e43,fa249a3a8c1938bfee07dd52a917dd62b8130e43,True
选题分析/A题附件/data/case_086.json,5676e5f6e2585fdd07290fa86fa1fbe29701e309,5676e5f6e2585fdd07290fa86fa1fbe29701e309,True
选题分析/A题附件/data/case_087.json,b8adfcccd942adc32a849f4776311f5a5c39849b,b8adfcccd942adc32a849f4776311f5a5c39849b,True
选题分析/A题附件/data/case_088.json,9afa560302c860a580ef8bcafc3dd7d4e39a77f5,9afa560302c860a580ef8bcafc3dd7d4e39a77f5,True
选题分析/A题附件/data/case_089.json,92621db46817bd779e7c14288c7807ed64fd1390,92621db46817bd779e7c14288c7807ed64fd1390,True
选题分析/A题附件/data/case_090.json,38f771d1804e4e4b7b96efffa895ed30b07c733a,38f771d1804e4e4b7b96efffa895ed30b07c733a,True
选题分析/A题附件/data/case_091.json,5345371ff50ddf28c40daae384b74f7f75656be2,5345371ff50ddf28c40daae384b74f7f75656be2,True
选题分析/A题附件/data/case_092.json,813caacc010d4b9c9fd97f178127d97f19a035d8,813caacc010d4b9c9fd97f178127d97f19a035d8,True
选题分析/A题附件/data/case_093.json,5ac2c5370857b5e85fdb01aea32319696ec62983,5ac2c5370857b5e85fdb01aea32319696ec62983,True
选题分析/A题附件/data/case_094.json,f37b7d67b10917c1f77026639666877f208aed60,f37b7d67b10917c1f77026639666877f208aed60,True
选题分析/A题附件/data/case_095.json,b8ad038d5f677de800bf1f1f6526982ac9e7ba4a,b8ad038d5f677de800bf1f1f6526982ac9e7ba4a,True
选题分析/A题附件/data/case_096.json,6420794f32c8cc49c628fe03fbc42428a581c161,6420794f32c8cc49c628fe03fbc42428a581c161,True
选题分析/A题附件/data/case_097.json,d15f514c0c691af75822b9efee3be66c7883e276,d15f514c0c691af75822b9efee3be66c7883e276,True
选题分析/A题附件/data/case_098.json,92705dd2d4d3c9b1b2534b33dfdf81cc481b9ed9,92705dd2d4d3c9b1b2534b33dfdf81cc481b9ed9,True
选题分析/A题附件/data/case_099.json,64361eca819ff3ba1fefdc9ee1abef5222f39273,64361eca819ff3ba1fefdc9ee1abef5222f39273,True
选题分析/A题附件/data/case_100.json,94301a591b7dc7521a9990517debbfd1df76851a,94301a591b7dc7521a9990517debbfd1df76851a,True
选题分析/A题附件/data/config.txt,94e7b0cd981d709e676c6b1a8dd5ae66bd3abc5c,94e7b0cd981d709e676c6b1a8dd5ae66bd3abc5c,True
选题分析/A题附件/code/contest_io.py,8c8cacb8428e9804c989eee2e91a12ed908ce0df,8c8cacb8428e9804c989eee2e91a12ed908ce0df,True
选题分析/A题附件/code/evaluation_validation.py,233d4be7a6bee609e0c8feaf93779a7f4ca845e1,233d4be7a6bee609e0c8feaf93779a7f4ca845e1,True
选题分析/A题附件/code/multicore_cut_evaluate_problem_1.py,156bd49e927d0f97fc16e6b6270df7eee0ee54e8,156bd49e927d0f97fc16e6b6270df7eee0ee54e8,True
选题分析/A题附件/code/multicore_cut_evaluate_problem_2.py,bc4840ad10fca27ba6e66397d4dc5f44abc8ff45,bc4840ad10fca27ba6e66397d4dc5f44abc8ff45,True
选题分析/A题附件/code/multicore_cut_evaluate_problem_3.py,b98ceb4de58cd6767af67cd763c460c79562ac23,b98ceb4de58cd6767af67cd763c460c79562ac23,True
选题分析/A题附件/code/schedule_step1.py,c9e325670a7adb7a7ab6696158cb86e4a136ac86,c9e325670a7adb7a7ab6696158cb86e4a136ac86,True
选题分析/A题附件/code/schedule_step2.py,60db783355cdd63ff50e59b8ceecb534c2ddb8e8,60db783355cdd63ff50e59b8ceecb534c2ddb8e8,True
选题分析/A题附件/code/schedule_step3.py,8ad659e93a9c66b2aca28ad3eaca98522777305c,8ad659e93a9c66b2aca28ad3eaca98522777305c,True
选题分析/A题附件/code/singlecore_evaluate.py,92c8061cf4ed72d710b1dc5e1a449e92aca5a026,92c8061cf4ed72d710b1dc5e1a449e92aca5a026,True
选题分析/A题附件/code/stub_multicore_cut_and_schedule.py,a416fe9fdf850d90a64d3442ed09ba5cf86f03a3,a416fe9fdf850d90a64d3442ed09ba5cf86f03a3,True
